Year,Month,Day,Time,Town / Village,Area,Occupation_x000D_(Where Relevant),Description,,Blwyddyn,Mis,Dydd,Amser,Tref / Pentref,Ardal,Galwediageth_x000D_(Lle'n Briodol ),Disgrifiad
1997,1,20,19:45,Caernarfon Bay,Caernarfonshire,-,"A huge, blue, fast object in the sky. There was a cloud of smoke and it made the floor shake.",,1997,1,20,0.822916667,Bae Caernarfon,Sir Gaernarfon,-,Gwrthrych glas cyflym enfawr yn yr awyr. Roedd cwmwl o fwg ac fe wnaeth i'r llawr grynu.
1997,1,27,22:40,Newport,South Glamorgan,-,A 'tube of light' coming down from the sky. It first looked like a star moving towards the car. Left a dust cover on the car.,,1997,1,27,0.944444444,Casnewydd,De Morgannwg,-,Tiwb o oleuni' yn dod i lawr o'r awyr. Edrychodd yn gyntaf fel seren yn symud tuag at y car. Gadawodd haen o lwch ar y car.
1997,1,28,20:00,Swansea,Glamorgan,-,Three white lights accompanied by a red light. They seemed to be many miles away.,,1997,1,28,0.833333333,Abertawe,Morgannwg,-,Tri golau gwyn ynghyd â golau coch. Roedden nhw fel petaen nhw'n filltiroedd lawer i ffwrdd.
1997,2,2,07:30,Caerphilly,Mid-Glamorgan,-,"Cigar shaped object, with wings but no tail. Jade green in colour. White lights through windows. Moved in a straight line.",,1997,2,2,0.3125,Caerffili,Morgannwg Ganol,-,"Gwrthrych siâp sigar, gydag adenydd ond dim cynffon. Gwyrdd jâd ei liw. Goleuadau gwyn drwy ffenestri. Symudodd mewn llinell syth."
1997,2,10,09:35,Barry,Glamorgan,-,One oblong object. It was red in the centre and had up to fifteen lights. There was constant movement.,,1997,2,10,0.399305556,Y Barri,Morgannwg,-,Un gwrthrych petryal. Roedd yn goch yn y canol ac roedd ganddo hyd at bymtheg o oleuadau. Roedd symudiad parhaus.
1997,2,14,08:15,Roath/Cardiff,Glamorgan,-,"One, triangular shaped object. A shiny, golden colour. It was moving in a straight line and was fast.",,1997,2,14,0.34375,Y Rhath/Caerdydd,Morgannwg,-,"Un gwrthrych, siâp triongl. Lliw disglair, euraid. Roedd yn symud mewn llinell syth ac roedd yn gyflym."
1997,2,18,22:06,A449/Llanwern/Newport,Monmouthshire,-,There was a cream coloured light.,,1997,2,18,0.920833333,A449/Llanwern/Casnewydd,Sir Fynwy,-,Roedd goleuni lliw hufan.
1997,3,10,03:45,Llanfair Caereinion,Powys,-,A round ball with a tail. Was like a torch with a flare. There was no movement.,,1997,3,10,0.15625,Llanfair Caereinion,Powys,-,Pêl gron gyda chynffon. Roedd fel tortsh gyda fflêr. Doedd dim symudiad.
1997,3,11,20:26,Lynas-Wal/Llaneilian,Isle of Anglesey,-,One object with white and red lights.,,1997,3,11,0.851388889,Lynas-Wal/Llaneilian,Ynys Môn,-,Un gwrthrych gyda goleuadau gwyn a choch.
1997,3,15,20:30,A483/Wrexham-Newtown,Denbighshire,-,"One, large, oval, white and very bright object. The object was straight and level and was moving parallel with the car.",,1997,3,15,0.854166667,A483/Wrecsam-Y Drenewydd,Sir Ddinbych,-,"Un gwrthrych mawr, hirgrwn, gwyn a  llachar iawn. Roedd y gwrthrych yn syth ac yn wastad ac roedd yn symud yn gyfochrog â'r car."
1997,4,8,09:01,Penycae,Denbighshire,-,An object was moving in 90 degree angles. It sped up and then slowed down.,,1997,4,8,0.375694444,Penycae,Sir Ddinbych,-,Roedd gwrthrych yn symud mewn onglau 90 gradd. Cyflymodd ac yna arafodd.
1997,4,13,22:00,Penarth Marina,South Glamorgan,-,There were two identically sized crafts. Extremely bright and both an obscured shape. They oscillated in an eliptical pattern.,,1997,4,13,0.916666667,Marina Penarth,De Morgannwg,-,Roedd dwy long o'r un maint yn union. Hynod o lachar a'r ddwy yn siâp aneglur. Roeddent yn pendilio mewn patrwm hirgylchog.
1997,5,1,03:56,Cathays/Cardiff,South Glamorgan,-,One round object with lights. There was one medium constant light.There was an unusual noise. It made erratic jerky movements.,,1997,5,1,0.163888889,Cathays/Caerdydd,De Morgannwg,-,
1997,5,22,23:10,Abergavenny,Monmouthshire,-,"One large, triangular shaped object. Black in colour. Was moving to the West.",,1997,5,22,0.965277778,Y Fenni,Sir Fynwy,-,"Un gwrthrych mawr, siâp triongl. Du ei liw. Roedd yn symud tua'r Gorllewin."
1997,5,27,04:20,Gorseinon nr Swansea,West Glamorgan,-,"One round object. Yellow in colour, bright and shimmering. It was moving from left to right.",,1997,5,27,0.180555556,Gorseinon ger Abertawe,Gorllewin Morgannwg,-,
1997,5,30,10:57,Wrexham,Denbighshire,-,"One object, with one light on the front. About 450 ft up. It moved West and picked up speed.",,1997,5,30,0.45625,Wrecsam,Sir Ddinbych,-,"Un gwrthrych, gydag un golau ar y blaen. Tua 450 troedfedd i fyny. Symudodd tua'r Gorllewin a chyflymodd."
1997,6,6,16:18,Gwernaffield/nr Mold,Flintshire,-,"A round, black object was travelling across the sky at speed. There appeared to be something draping from the bottom.",,1997,6,6,0.679166667,Gwernaffield/nr Mold,Fflint,-,"Gwrthrych du, crwn a oedd yn teithio ar draws yr awyr ar garlam. Roedd yn ymddangos bod rhywbeth yn llieinio o'r gwaelod."
1997,6,9,21:10,Neath,West Glamorgan,-,"One large, house sized, rugby ball shaped object. Was grey and black in colour. There were lights on it, in a triangle shape.",,1997,6,9,0.881944444,Castell Nedd,Gorllewin Morgannwg,-,"Un gwrthrych mawr, maint tŷ, siâp pêl rygbi. Roedd ei liw yn llwyd a du.  Roedd goleuadau arno, ar ffurf triongl."
1997,7,5,22:15,Maesycoed/Pontypridd,Mid Glamorgan,-,A triangular object. Had multicoloured flashing lights. It hovered and then shot off in an Easterly direction at high speed.,,1997,7,5,0.927083333,Maesycoed/Pontypridd,Morgannwg Ganol,-,Gwrthrych trionglog. Roedd ganddo oleuadau amryliw yn fflachio. Hofrannodd ac yna gwibio i ffwrdd i gyfeiriad y Dwyrain yn gyflym iawn.
1997,7,5,01:00,Wrexham,Denbighshire,-,"A large, round object, as big as a house. It had a cluster of lights within it. It was pulsating left and right, as if on a pivot.",,1997,7,5,0.041666667,Wrecsam,Sir Ddinbych,-,
1997,7,8,22:10,Llay/Wrexham,Denbighshire,-,"One object, with four lights. All yellow/orange in colour. It moved to the North, then turned to it's original position, then disappeared.",,1997,7,8,0.923611111,Llay/Wrecsam,Sir Ddinbych,-,"Un gwrthrych, gyda phedwar golau. Melyn/oren i gyd o ran lliw. Symudodd i'r gogledd, yna trodd i'w safle gwreiddiol, yna diflannu."
1997,8,8,23:30,Abergavenny,Monmouthshire,-,"Oefnfeec ot.b  ject, that was bigger than a car. It was white and very bright. It came down the road.",,1997,8,8,0.979166667,Y Fenni,Sir Fynwy,-,"Oefnfeec gwrt.h  rych, a oedd yn fwy o faint na char. Roedd yn wyn ac yn llachar iawn. Daeth i lawr yr heol."
1997,8,11,-,Cardiff,Glamorgan,-,"One shooting star. It zig-zagged across the sky, and then it disappeared.",,1997,8,11,-,Caerdydd,Morgannwg,-,"Un seren wib. Symudodd yn igam-ogam ar draws yr awyr, ac yna diflannodd."
1997,8,12,17:30,Cumbran nr Newport,Gwent,-,"A small triangular shaped object. It had black wings, and was sausage shaped in the middle. It was moving very fast.",,1997,8,12,0.729166667,Cumbran ger Casnewydd,Gwent,-,"Gwrthrych bach siâp triongl. Roedd ganddo adenydd du, ac roedd ei siâp fel selsigen yn y canol. Roedd yn symud yn gyflym iawn."
2007,9,7,22:20,Mynydd Caerau,Glamorgan,-,"One round object, with a white light. It also had flashing/rotating blue and red lights. It moved up and down.",,2007,9,7,0.930555556,Mynydd Caerau,Morgannwg,-,
1997,10,1,04:45,Brongest,Dyfed,-,"Three round, star sized objects, in a triangular formation. They circled around each other, and then went back to their original position. White and very bright. They were",,1997,10,1,0.197916667,Brongest,Dyfed,-,"Tri gwrthrych crwn, maint seren, mewn ffurfwedd triongl. Symudan nhw o gwmpas ei gilydd, ac yna mynd yn ôl i'w safle gwreiddiol. Gwyn a llachar iawn. Roedden nhw'n"
1997,10,2,20:19,Townhill/Swansea,West Glamorgan,-,"One round shaped object. Red, orange and green in colour and bright. The object was stationary.",,1997,10,2,0.846527778,Townhill/Abertawe,Gorllewin Morgannwg,-,
1997,10,22,02:49,Caernarfon,Caernarfonshire,-,"One object that had four lights on it. The lights were green, white, red and blue. The object was spinning in the sky.",,1997,10,22,0.117361111,Caernarfon,Sir Gaernarfon,-,"Un gwrthrych â phedwar golau arno. Roedd y goleuadau'n wyrdd, gwyn, coch a glas. Roedd y gwrthrych yn troelli yn yr awyr."
1997,11,30,17:27,Bridgend,Mid Glamorgan,-,"One large, circular object. White and very bright. The object was moving backwards and forwards.",,1997,11,30,0.727083333,Penybont,Morgannwg Ganol,-,Un gwrthrych mawr crwn. Gwyn a llachar iawn. Roedd y gwrthrych yn symud yn ôl ac ymlaen.
1997,12,5,02:09,8 Miles West,Isle of Anglesey,Pilot,"A bright, circular red light. About 3mm in diameter, relative to cockpit windscreen. Was moving in a Westerly direction.",,1997,12,5,0.089583333,8 Milltir I'r Gorllewin,Ynys Môn,Peilot,"Goleuni coch llachar, crwn. Tua 3mm mewn diamedr, o'i gymharu â sgrin wynt caban peilot. Roedd yn symud i gyfeiriad y Gorllewin."
1998,1,4,01:50,Raglan,Gwent,-,Circular in shape with a tail and extremely bright. It moved incredibly fast in different directions across the sky.,,1998,1,4,0.076388889,Rhaglan,Gwent,-,Crwn ei siâp gyda chynffon ac yn hynod o lachar. Symudodd yn anghredadwy o gyflym mewn cyfeiriadau gwahanol ar draws yr awyr.
1998,1,24,15:00,Swansea,West Glamorgan,-,"Black, triangular shaped object, with two fins.",,1998,1,24,0.625,Abertawe,Gorllewin Morgannwg,-,"Gwrthrych du, siâp triongl, gyda dwy asgell."
1998,1,25,20:25,Newport,Gwent,-,"One object, thought to be a star, with stud like lights underneath in a circle. Was travelling North in a straight line.",,1998,1,25,0.850694444,Casnewydd,Gwent,-,"Un gwrthrych, y credwyd ei fod yn seren, gyda goleuadau tebyg i stydiau odano mewn cylch. Roedd yn teithio tua'r gogledd mewn llinell syth."
1998,2,9,15:40,Barry,South Glamorgan,-,"Blast of orange light. In the same direction, three golden balls appeared, that were brighter and then they disappeared.",,1998,2,9,0.652777778,Y Barri,De Morgannwg,-,"Ffrwydrad o oleuni oren. Yn yr un cyfeiriad, ymddangosodd tair pêl euraid, a oedd yn fwy llachar ac yna diflannon nhw."
1998,3,11,19:45,Bwlchgwyn,Clwyd,-,"A large, black, oblong shaped object, approx. 30-40ft long. It was about 15-25ft off the ground.",,1998,3,11,0.822916667,Bwlchgwyn,Clwyd,-,"Gwrthrych mawr, du, hirgrwn, tua 30-40 troedfedd o hyd.  Roedd tu 15-25 troedfedd uwchben y ddaear."
1998,3,30,23:20,Wrexham,Clwyd,-,"One large, square-ish, very bright object. Was blue-ish with lights around it. There was a humming sound and a nasty smell.",,1998,3,30,0.972222222,Wrecsam,Clwyd,-,"Un gwrthrych mawr, sgwaraidd, llachar iawn. Roedd yn lasaidd gyda goleuadau o'i gwmpas. Roedd sŵn grwnan ac arogl ffiaidd."
1998,3,31,04:20,Clywd Mountains/Clywd,Powys,-,"An object, had blue lights on the top and white lights on the bottom. Was 40ft in length. About 600ft high.",,1998,3,31,0.180555556,Mynyddoedd Clywd/Clywd,Powys,-,"Gwrthrych, â goleuadau glas ar ei frig a goleuadau gwyn ar y gwaelod. Roedd yn 40 troedfedd o hyd. Tua 600 troedfedd o uchder."
1998,5,9,21:40,Crumlin,Gwent,-,"A huge meccano/round type looking structure/object, with pulsing red, green and white lights. Very slow moving.",,1998,5,9,0.902777778,Crymyin,Gwent,-,"Un strwythur/gwrthrych enfawr â golwg tebyg i meccano/crwn, gyda goleuadau coch, gwyrdd a gwyn a oedd yn pwlsadu. Yn symud yn araf iawn."
1998,5,18,03:15,Llanfair P G,Gwynedd,-,"One long shaped object, with six flashing lights. They were flashing from faded to very bright. They were moving from North to South.",,1998,5,18,0.135416667,Llanfair P G,Gwynedd,-,"Un gwrthrych siâp hir, a chwech o oleuadau a oedd yn fflachio. Roedden nhw'n fflachio o ddi-liw i lachar iawn. Roedden nhw'n symud o'r Gogledd tua'r De."
1998,5,28,00:32,Bangor,Gwynedd,-,"One light, golden in appearance, larger and brighter than a planet. Was travelling from South West to the East.",,1998,5,28,0.022222222,Bangor,Gwynedd,-,"Un goleuni, euraid o ran golwg, yn fwy o faint a mwy llachar na phlaned. Roedd yn teithio o'r De-orllewin tua'r Dwyrain."
1998,5,29,02:15,"Ogmore Vale,nr Bridgend",Mid Glamorgan,-,"No distinctive shape, but was extremely bright red. Had white and blue flashing lights. It was extremely noisy. Shot off at great speed.",,1998,5,29,0.09375,"Bro Ogwr,ger Penybont",Morgannwg Ganol,-,"Dim siâp arbennig, ond roedd yn goch llachar iawn. Roedd ganddo oleuadau gwyn a glas yn fflachio. Roedd yn hynod o swnllyd. Symudodd i ffwrdd ar gyflymder anhygoel."
1998,6,12,21:00,Benllech,Isle of Anglesey,-,"One white ball of light, the size of a 5p piece at arms length. Plus, there were two smaller, faint objects in trail too.",,1998,6,12,0.875,Benllech,Ynys Môn,-,"Un bêl wen o oleuni, maint darn 5c ar hyd braich. Hefyd, roedd dau wrthrych gwelw, llai o faint yn ei dilyn."
1998,8,2,01:40,Wrexham,Clwyd,-,"One glowing outer ring, surrounding an oval structure with pulsating lights.",,1998,8,2,0.069444444,Wrecsam,Clwyd,-,"Un fodrwy allanol dywynnol, yn amgylchynu strwythur hirgrwn â goleuadau a oedd yn pwlsadu."
1998,8,5,00:30,Brecon,Dyfed,-,"Vortex with white, red and green flashing lights. Rose straight up vertically from behind woods in the form of an arc. Smokey trail.",,1998,8,5,0.020833333,Aberhonddu,Dyfed,-,"Trobwll â goleuadau gwyn, coch a gwyrdd yn fflachio. Cododd yn syth yn fertigol o'r tu ôl i goed ar ffurf arch. Trywydd myglyd ar ei ôl."
1998,8,12,22:00,Barry,South Glamorgan,-,Four main lights formed a cross. There were bright green and orange lights in the centre. Was larger than a 747.,,1998,8,12,0.916666667,Y Barri,De Morgannwg,-,Pedwar prif olau yn ffurfio croes. Roedd goleuadau gwyrdd ac oren llachar yn y canol. Roedd yn fwy o faint na 747.
1998,8,13,04:45,Llanrhaeaedr,Clwyd,-,"One huge, silver, star shaped object.",,1998,8,13,0.197916667,Llanrhaeaedr,Clwyd,-,"Un gwrthrych enfawr, arian siâp seren."
1998,8,21,09:50,Porthcawl,Mid Glamorgan,-,"A star size, bright object. Was blue/white in colour.",,1998,8,21,0.409722222,Porthcawl,Morgannwg Ganol,-,Gwrthrych llachar maint seren. Roedd yn las/gwyn o ran lliw.
1998,8,24,00:30,Swansea,West Glamorgan,-,"A very bright, white light in the sky, moving fast.",,1998,8,24,0.020833333,Abertawe,Gorllewin Morgannwg,-,"Golau gwyn, llachar iawn yn yr awyr, yn symud yn gyflym."
1998,9,21,21:30,Waunfawr,Gwynedd,-,Spheres - colours on and off in sequences.,,1998,9,21,0.895833333,Waunfawr,Gwynedd,-,Sfferau - lliwiau ymlaen ac i ffwrdd mewn dilyniannau.
1998,11,15,03:45,Cardiff,South Glamorgan,-,"One huge 'aura' was seen, was tapered to one end, like a pen. Was multicoloured and shimmering.",,1998,11,15,0.15625,Caerdydd,De Morgannwg,-,"Gwelwyd un 'awra' anferth, yn frigfain tuag un pen, fel ysgrifbin. Roedd yn amryliw ac yn grychdonnog."
1998,11,16,06:45,Llandrinio,Powys,-,One beam of blue light that was very bright. It then turned white and then disappeared leaving a vapour trail.,,1998,11,16,0.28125,Llandrinio,Powys,-,Un belydren o oleuni glas a oedd yn llachar iawn.  Yna trodd yn wyn a diflannodd gan adael ôl anwedd.
1998,11,16,06:40,Cardiff,South Glamorgan,-,"One bright, white light in the shape of a circle, with a vapour trail.",,1998,11,16,0.277777778,Caerdydd,De Morgannwg,-,"Un goleuni gwyn, llachar ar siâp cylch, gydag ôl anwedd."
1998,11,16,05:15,Penrhyn Bay/Conwy,Gwynedd,-,"There were several blue-ish, white-ish lights.",,1998,11,16,0.21875,Bae Penrhyn/Conwy,Gwynedd,-,"Roedd sawl golau glasaidd, gwynnaidd."
1998,11,29,17:45,Abergevenny,Gwent,-,"One large, dark hexagonal object with two white lights. Was humming and flew low over the witnesses house.",,1998,11,29,0.739583333,Y Fenni,Gwent,-,"Un gwrthrych mawr, tywyll chweochrog gyda dau olau gwyn. Roedd yn grwnan a hedodd yn isel dros dŷ'r tyst."
1998,12,5,05:10,Blaenau,Gwent,-,"One very bright, white light. Very high altitude.",,1998,12,5,0.215277778,Blaenau,Gwent,-,"Un golau gwyn, llachar iawn. Uchder uchel iawn."
1999,1,7,18:30,Glanarfon,Wales,-,"One flat, triangular object, (like a shield), white in colour. Coloured lights mainly round the edge of the craft. Spotlight beneath.",,1999,1,7,0.770833333,Glanarfon,Cymru,-,"Un gwrthrych gwastad, trionglog, (fel tarian), gwyn ei liw. Goleuadau lliw yn bennaf o amgylch ymyl y llong. Sbotolau odano."
1999,1,9,02:00,The Rhondda,Mid Glamorgan,-,"One large oval, with a sphere in the middle. Had bright blue, green and white lights on top of the craft. There was a humming noise.",,1999,1,9,0.083333333,Y Rhondda,Morgannwg Ganol,-,"Un hirgrwn mawr, gyda sffêr yn y canol. Roedd ganddo oleuadau llachar glas, gwyrdd a gwyn ar ben y llong. Roedd sŵn grwnan."
1999,1,10,01:30,Llanelli,Dyfed,-,"One object, a pinprick of light changing colour between red, green and orange.",,1999,1,10,0.0625,Llanelli,Dyfed,-,"Un gwrthrych, pigiad o oleuni yn newid lliw rhwng coch, gwyrdd ac oren."
1999,1,21,20:45,Corwen,Denbighshire,-,"Flying saucer shape, with three square like windows, like a house. Was light - got lighter, then dimmed. Slightly tilted.",,1999,1,21,0.864583333,Corwen,Sir Ddinbych,-,"Siâp soser hedegog, gyda thair ffenestr sgwâr, fel tŷ. Roedd yn olau - aeth yn oleuach, yna pylu. Tipyn bach ar ongl."
1999,2,2,17:25,Swansea,West Glamorgan,-,Cross shaped collection of five star like objects. Gold coloured lights.,,1999,2,2,0.725694444,Abertawe,Gorllewin Morgannwg,-,Casgliad siâp croes o bum gwrthrych tebyg i seren. Goleuadau lliw aur.
1999,2,10,02:45,Swansea,West Glamorgan,Retired Air Traffic Controller,"A single blue and red object. Very bright. It made an S pattern in the sky, when finished, moved North East.",,1999,2,10,0.114583333,Abertawe,Gorllewin Morgannwg,Rheolwr Traffig Awyr wedi ymddeol,"Un gwrthrych glas a choch. Llachar iawn. Gwnaeth batrwm S yn yr awyr, ar ôl gorffen, symudodd i'r Gogledd-ddwyrain."
1999,2,11,18:45,Caernarvon,Gwynedd,-,"Single aircraft/object, that had rotors. It had blue, red and white strobes.",,1999,2,11,0.78125,Caernarvon,Gwynedd,-,"Un awyren/gwrthrych sengl, yr oedd ganddo rotorau. Roedd ganddo strobau glas, coch a gwyn."
1999,3,9,18:30,Ammanford,Dyfed,-,Two dark grey objects. They then looked translucent. They were manoeuvring and then disappeared into the cloud.,,1999,3,9,0.770833333,Rhydaman,Dyfed,-,Dau wrthrych llwyd tywyll. Yna roedden nhw'n edrych yn dryloyw. Roedden nhw'n cad-drefnu ac yna diflannon nhw i mewn i'r cwmwl.
1999,3,10,10:30,Bangor,Gwynedd,-,Flashing lights that were various colours. Shape unknown. Moving West.,,1999,3,10,0.4375,Bangor,Gwynedd,-,Goleuadau o wahanol liwiau a oedd yn fflachio. Siâp anhysbys. Yn symud i'r Gorllewin.
1999,3,11,05:10,Newcastle Emlyn,Carmarthenshire,-,"One, large, round white light. Very bright. Moving from West to East.",,1999,3,11,0.215277778,Castell Newydd Emlyn,Sir Gaerfyrddin,-,"Un golau gwyn mawr, crwn. Llachar iawn. Yn symud o'r Gorllewin i'r Dwyrain."
1999,3,13,21:25,Cardiff and Pontypridd,South Glamorgan,-,"Cardiff - Set of one red, blue and yellow lights in a straight line. Very bright. Pontypridd - one set of bright white lights in a triangle.",,1999,3,13,0.892361111,Caerdydd a Pontypridd,De Morgannwg,-,"Caerdydd - Set o un golau coch, un glas ac un melyn mewn llinell syth. Llachar iawn. Pontypridd - un set o oleuadau gwyn llachar mewn triongl."
1999,4,1,02:05,Llandovery,Dyfed,-,One capsule. Blue and silver at rear.,,1999,4,1,0.086805556,Llanymddyfri,Dyfed,-,Un capsiwl. Glas ac arian yn y cefn.
1999,4,29,16:00,-,Mid-Glamorgan,-,Circular shaped object. Too high to be a bird and too low to be a plane. Was travelling from East to West.,,1999,4,29,0.666666667,,Morgannwg Ganol,-,Gwrthrych siâp crwn. Rhy uchel i fod yn aderyn a rhy isel i fod yn awyren. Roedd yn teithio o'r Dwyrain i'r Gorllewin.
1999,5,26,21:35,Swansea,West Glamorgan,-,"One object, white and very bright. Very high up and very fast.",,1999,5,26,0.899305556,Abertawe,Gorllewin Morgannwg,-,"Un gwrthrych, gwyn a llachar iawn. Yn uchel iawn ac yn gyflym iawn."
1999,6,8,22:35,Monmouth,Gwent,-,"One object, the size of a hot air balloon. Was bright, with a honeycomb of light. Was stationary and then flew off.",,1999,6,8,0.940972222,Trefynwy,Gwent,-,"Un gwrthrych, maint balŵn aer poeth. Roedd yn llachar, gyda chrwybr o oleuni. Roedd yn sefyll yn ei unfan ac yna hedodd i ffwrdd."
1999,6,8,19:24,Rhymney Valley,Gwent,-,"One metallic sphere, approximately five-six metres. Was flying erratically from South to North along the Rhymney Valley.",,1999,6,8,0.808333333,Cwm Rhymni,Gwent,-,"Un sffer metalig, tua phum-chwe metr. Roedd yn hedfan yn wibiog o'r De i'r Gogledd ar hyd Cwm Rhymni."
1999,6,12,01:05,Flint,Clwyd,-,"Disc/star shape object with coloured lights, blue and green, spinning around it. Sphere of light high in the atmosphere.",,1999,6,12,0.045138889,Fflint,Clwyd,-,"Gwrthrych siâp disg/seren gyda goleuadau lliw, glas a gwyrdd, yn troelli o'i gwmpas. Sffer o oleuni'n uchel yn yr atmosffer."
1999,7,10,20:55,Porthcawl,Mid-Glamorgan,-,One cylindrical object. White and very bright. Was moving from left to right.,,1999,7,10,0.871527778,Porthcawl,Morgannwg Ganol,-,Un gwrthrych silindraidd. Gwyn a llachar iawn. Roedd yn symud o'r chwith i'r dde.
1999,7,11,00:00,Llangynog,Powys,-,"Like a medium, bright star. Made an unusual gentle ark. Then some strange squiggles from left to right. High up in the sky.",,1999,7,11,0,Llangynog,Powys,-,"Fel seren ganolig, lachar. Gwnaeth arch fwyn anghyffredin. Yna rhai llinellau igam ogam rhyfedd o'r chwith i'r dde. Yn uchel yn yr awyr."
1999,7,12,11:45,Flint,Flintshire,-,"One star shaped object. Coloured lights around it - green, blue and red. Spinning.",,1999,7,12,0.489583333,Fflint,Fflint,-,"Un gwrthrych siâp seren. Goleuadau lliw o'r amgylch - gwyrdd, glas a choch. Yn troelli."
1999,7,15,01:10,Dwyfach,Gwynedd,-,A bright light.,,1999,7,15,0.048611111,Dwyfach,Gwynedd,-,Un golau llachar.
1999,7,25,22:25,Porthcawl,Mid Glamorgan,-,"One disc shaped object, bluey silver in colour. Moved in a straight line. Definitely not a star or planet.",,1999,7,25,0.934027778,Porthcawl,Morgannwg Ganol,-,"Un gwrthrych siâp disg, arian glasaidd ei liw. Symudodd mewn llinell syth. Yn bendant ddim yn seren nac yn blaned."
1999,9,13,01:40,Penarth/Cardiff,South Glamorgan,-,"Large, bright object.",,1999,9,13,0.069444444,Penarth/Caerdydd,De Morgannwg,-,"Gwrthrych mawr, llachar."
1999,10,5,21:55,Llanbedrog,Gwynedd,-,"One object, larger than normal aircraft, tubular shape. Was bright green tinged with blue. Moved downwards leaving trail behind.",,1999,10,5,0.913194444,Llanbedrog,Gwynedd,-,
1999,10,18,19:21,Shotton,Flintshire,-,"UFO with a light, was hovering. A second UFO appeared. Had a large bright, white light. Also seemed to have red and green fleck on it.",,1999,10,18,0.80625,Shotton,Fflint,-,"Roedd UFO gyda golau, yn hofran. Ymddangosodd ail UFO. Roedd ganddo olau mawr gwyn, llachar. Hefyd roedd yn edrych petai fritho coch a gwyrdd arno."
1999,10,26,18:40,Benllech,Anglesey,-,"A white, onion shaped object, which was glowing white, with sparks. Was moving rapidly in a straight line.",,1999,10,26,0.777777778,Benllech,Ynys Môn,-,"Gwrthrych gwyn, siâp winwn, a oedd yn disgleirio'n wyn, gyda gwreichion. Roedd yn symud yn gyflym mewn llinell syth."
1999,11,18,16:00,Crickhowell,Gwent,-,A vertical orange line near the horizon. Moved to a horizontal position. One inch at arms length.,,1999,11,18,0.666666667,Crucywel,Gwent,-,Llinell oren fertigol ger y gorwel. Symudodd i safle llorweddol. Un fodfedd ar hyd braich.
1999,11,28,22:08,Pentraeth,Gwynedd,-,Giant dewdrop shaped object. Had a yellow centre and a green/blue haze around the outside. Too big to be a shooting star.,,1999,11,28,0.922222222,Pentraeth,Gwynedd,-,Gwrthrych enfawr siâp diferyn gwlith. Roedd canol melyn ganddo a niwl gwyrdd/glas o amgylch y tu allan. Rhy fawr i fod yn seren wib.
1999,12,4,22:10,Newport,Gwent,-,"A bright, Venus, pale orange object. Was moving as a bird would, in and out of formation.",,1999,12,4,0.923611111,Casnewydd,Gwent,-,"Gwrthrych llachar, Fenws, oren gwelw. Roedd yn symud fel y byddai aderyn, i mewn ac allan o gyfluniad."
1999,12,7,17:45,Newport,Gwent,-,One star shaped object. White and very bright. Very erratic movement.,,1999,12,7,0.739583333,Casnewydd,Gwent,-,Un gwrthrych siâp seren. Yn wyn ac yn llachar iawn. Symud yn wibiedig iawn.
2000,2,25,19:30,Newport,Gwent,-,Three objects/lights that were flickering on and off. They moved West and then moved to the South.,,2000,2,25,0.8125,Casnewydd,Gwent,-,Tri gwrthrych/golau a oedd yn fflicrio ymlaen ac i ffwrdd. Symudon nhw i'r Gorllewin ac yna symud i'r De.
2000,3,29,00:00,Welshpool,Powys,-,"Comet shaped and with about a one foot long flare, four to six times bigger than a star. Moving from East to North East.",,2000,3,29,0,Y Trallwng,Powys,-,"Siâp comed ac roedd fflêr tua throedfedd o hyd, pedair neu chwe gwaith yn fwy o faint na seren. Yn symud o'r Dwyrain i'r Gogledd-ddwyrain."
2000,4,13,20:23,Crosskeys,Gwent,-,One star shaped object. Moving West.,,2000,4,13,0.849305556,Crosskeys,Gwent,-,Un gwrthrych siâp seren. Yn symud tua'r Gorllewin.
2000,4,27,21:00,"A5104, Rhydtalog",Flintshire,-,One large white ball. It hovered and then disappeared.,,2000,4,27,0.875,"A5104, Rhydtalog",Fflint,-,Un bêl fawr wen. Hofrannodd ac yna diflannodd.
2000,7,21,00:10,Neath,West Glamorgan,-,"One object, like a malteser when held at arms length. Spherical and very bright. Orange, red, green and white colours on it. Pulsating.",,2000,7,21,0.006944444,Castell Nedd,Gorllewin Morgannwg,-,"Un gwrthrych, fel malteser o'i ddal ar hyd braich. Yn sfferaidd ac yn llachar iawn. Lliwiau oren, coch, gwyrdd a gwyn arni. Yn pwlsadu."
2000,8,1,15:30,Cardiff,Vale of Glamorgan,-,"One circular, silvery white disc. Was right above the witness and then shot off.",,2000,8,1,0.645833333,Caerdydd,Bro Morgannwg,-,"Un disg crwn, gwyn arianlliw. Roedd yn union uwchben y tyst ac yna saethodd i ffwrdd."
2000,8,26,20:30,Snowdonia Mountains,North Wales,-,"A large fireball/meteorite/piece of debris spotted over the mountains. It seemed to be flaming, rather than glowing.",,2000,8,26,0.854166667,Mynyddoedd Eryri,Gogledd Cymru,-,"Pêl fawr o dân/awyrfaen/darn o falurion a welwyd dros y mynyddoedd. Roedd fel peta'n fflamio, yn hytrach na thywynnu."
2000,9,2,02:30,Blackwood,Gwent,-,"Diamond shape, with three lights. One red and two white lights changing colour.",,2000,9,2,0.104166667,Coed Duon,Gwent,-,"Siâp diemwnt, gyda thri golau. Un golau coch a dau olau gwyn yn newid lliw."
2000,9,16,04:00,Shell Island,North Wales,-,"Triangular, stacked as plates, with triangular shaped windows with lights.",,2000,9,16,0.166666667,Ynys Cragen,Gogledd Cymru,-,"Yn drionglog, wedi eu pentyrru fel platiau, gyda ffenestri siâp trionglog gyda goleuadau."
2000,9,28,20:10,Rhuddlan nr Rhyl,Clwyd,Police Officer,Big explosion with an intense white light.,,2000,9,28,0.840277778,Rhuddlan ger Rhyl,Clwyd,Swyddog Heddlu,Ffrwydrad mawr gyda golau gwyn dwys.
2000,10,21,18:45,St Athan,South Glamorgan,-,Red light. Hovered.,,2000,10,21,0.78125,Sain Tathan,De Morgannwg,-,Golau coch. Hofrannodd.
2000,11,5,23:34,Pen Machno,West Glamorgan,-,"One large, round fireball. Very bright.",,2000,11,5,0.981944444,Pen Machno,Gorllewin Morgannwg,-,"Un bêl fawr, gron o dân. Llachar iawn."
2000,11,17,18:00,Taff's Well,South Glamorgan,-,Bright light in the sky.,,2000,11,17,0.75,Ffynnon Taf,De Morgannwg,-,Golau llachar yn yr awyr.
2000,11,23,18:30,Pontypridd,Mid Glamorgan,-,"One large, round light. Gold, then changed to red/amber. Changing from one side to the other.",,2000,11,23,0.770833333,Pontypridd,Morgannwg Ganol,-,"Un golau mawr, crwn. Yn euraid, yna newidiodd i goch/ambr. Yn newid o un ochr i'r llall."
2000,12,29,23:00,Pantymwyn,Flintshire,-,"Object, roundish shape, silvery white. Was quite low down and enormously bright.",,2000,12,29,0.958333333,Pantymwyn,Fflint,-,"Gwrthrych, siâp weddol crwn, gwyn arianlliw. Roedd yn eithaf isel ac yn syfrdanol o lachar."
2001,1,5,17:15,Ogwen Valley,North West Wales,-,"Like a shooting star, but with a burning tail. About the size of a military aircraft. It looked like it was heading towards the ground.",,2001,1,5,0.71875,"
Cwm Ogwen",De Orllewin Cymru,-,"Fel seren wib, gyda chynffon tanllyd. Tua maint awyren milwrol. Edrychodd fel petai'n anelu tuag at y llawr."
2001,2,4,04:00,-,South Wales,-,"Object was a tri-angle shape, like an inverted ice cream cone. The object disappeared down a country lane.",,2001,2,4,0.166666667,,De Cymru,-,"Gwrthrych a oedd yn siâp triongl, fel côn hufan iâ wyneb i waered. Diflannodd y gwrthrych i lawr lôn cefn gwlad."
2001,2,7,19:40,Caernarfon,North Wales,-,"It initially looked like a star. Looked like it was going to crash into the witness's house. Was a green colour, with red on the side.",,2001,2,7,0.819444444,Caernarfon,Gogledd Cymru,-,"Edrychodd fel seren i ddechrau. Edrychodd fel petai'n mynd i fwrw i mewn i dŷ'r tyst. Roedd ei liw yn wyrdd, gyda choch ar yr ochr."
2001,2,7,19:45,"Amlwch, Anglesey",North Wales,-,"One object, with a blue glow, which then turned green. It broke up and left smoke. It seemed very large.",,2001,2,7,0.822916667,"Amlwch, Ynys Môn",Gogledd Cymru,-,"Un gwrthrych, yn tywynnu'n las, a drodd yn wyrdd wedyn. Torrodd yn ddarnau a gadawodd fwg. Roedd yn fawr iawn yn ôl pob golwg."
2001,2,12,19:30,"Trehafod, Ponty Pridd",Mid-Glamorgan,-,One bright object. Looked star shaped. Rose fast in the sky and then disappeared.,,2001,2,12,0.8125,"Trehafod, Ponty Pridd",Morgannwg Ganol,-,Un gwrthrych llachar. Siâp seren ei olwg. Cododd yn gyflym yn yr awyr ac yna diflannodd.
2001,3,1,10:00,Holyhead,North Wales,-,Looked like a bright star. Had a pulsating red and green light. Was stationary and then moved off.,,2001,3,1,0.416666667,Caergybi,Gogledd Cymru,-,Edrychodd fel seren lachar. Roedd ganddi olau coch a gwyrdd a oedd yn pwlsadu. Roedd yn sefyll yn ei hunfan ac yna symud i ffwrdd.
2001,5,14,06:50,Rhonda Valley,Wales,-,One tennis ball sized object. Was round at the front and had a triangular back. Was rainbow coloured and very bright.,,2001,5,14,0.284722222,Bro Rhonda,Cymru,-,Un gwrthrych maint pêl tenis. Roedd yn grwn ar y blaen ac roedd yr ôl yn drionglog. Lliwiau'r enfys ac yn llachar iawn.
2001,6,25,21:00,Llanelli,Wales,-,"One large, disc shaped object. Black in colour. It then changed to oval shape. The object was moving fast to the West.",,2001,6,25,0.875,Llanelli,Cymru,-,"Un gwrthrych mawr, siâp disg. Du ei liw. Yna trodd i siâp hirgrwn. Roedd y gwrthrych yn symud yn gyflym tua'r Gorllewin."
2001,7,18,21:15,Milford Haven,South West Wales,-,"Eight star sized objects, with lights that were red, white, blue and yellow. Six were following two.",,2001,7,18,0.885416667,Aberdaugleddau,"
De Orllewin Cymru",-,"Wyth gwrthrych maint sêr, gyda goleuadau a oedd yn goch, gwyn, glas a melyn. Roedd chewch yn dilyn dau."
2001,8,4,00:40,Port Talbot,Wales,-,"Two large, shining golf ball like objects. They were moving in and out of the clouds.",,2001,8,4,0.027777778,Port Talbot,Cymru,-,"Dau wrthrych mawr, sgleiniog tebyg i beli golff. Roedden nhw'n symud i mewn ac allan o'r cymylau."
2001,8,16,21:30,Newport,Gwent,-,"One large, round shaped object. White and very bright. Moved fast upwards in the sky.",,2001,8,16,0.895833333,Casnewydd,Gwent,-,
2001,11,9,18:00,Welshpool,Powys,-,One triangular object with lights.,,2001,11,9,0.75,Y Trallwng,Powys,-,Un gwrthrych trionglog gyda goleuadau.
2001,11,26,11:20,Briton Ferry,West Glamorgan,-,"One silver object, long cylinder hanging from a parachute or balloon, drifting SE. It was very big and very high.",,2001,11,26,0.472222222,Llansawel,Gorllewin Morgannwg,-,"Un gwrthrych silindr, hir, arian yn hongian o barasiwt neu falŵn, yn drifftio tua'r de-ddwyrain. Roedd yn fawr iawn ac yn uchel iawn."
2001,12,10,18:15,Torfaen,Gwent,-,"Three lights together, that looked like an elongated triangle. The lights were very bright.",,2001,12,10,0.760416667,Torfaen,Gwent,-,"Tri golau gyda'i gilydd, a oedd yn edrych fel triongl hirfain. Roedd y goleuadau yn llachar iawn."
2002,1,9,23:30,Swansea,West Glamorgan,-,"Green, circular object, that was hovering in its position.",,2002,1,9,0.979166667,Abertawe,Gorllewin Morgannwg,-,"Gwrthrych crwn gwyrdd, a oedd yn hofran yn ei safle."
2002,2,24,19:00,Newport,Gwent,-,"One large and three smaller triangular objects seen, with bright red and blue flashing lights.",,2002,2,24,0.791666667,Casnewydd,Gwent,-,"Gwelwyd un gwrthrych mawr a thri gwrthrych trionglog llai o faint, gyda goleuadau coch a glas llachar yn fflachio."
2002,4,8,08:35,Port Talbot,West Glamorgan,-,"One large, round, very bright green object going very fast to the East.",,2002,4,8,0.357638889,Port Talbot,Gorllewin Morgannwg,-,"Un gwrthrych mawr, crwn, gwyrdd llachar iawn yn mynd yn gyflym iawn tua'r Dwyrain."
2002,6,4,03:20,Llansamlet,West Glamorgan,-,"Six objects were seen omitting a bright, white light. They travelled at a slow, steady speed.",,2002,6,4,0.138888889,Llansamlet,Gorllewin Morgannwg,-,"Gwelwyd chwe gwrthrych yn dangos golau llachar, gwyn. Teithion nhw ar gyflymder araf, cyson."
2002,11,2,23:00,Gors-goch,Dyfed,-,Round yellowish light followed by a green light. Went up vertically.,,2002,11,2,0.958333333,Gors-goch,Dyfed,-,Golau crwn melynaidd wedi ei ddilyn gan olau gwyrdd. Aethon nhw i fyny'n fertigol.
2002,11,2,22:58,Llanerchymedd,Gwynedd,-,"One light, the size of a football moving slowly at about 2-3000ft.",,2002,11,2,0.956944444,Llanerchymedd,Gwynedd,-,"Un golau, maint pêl droed yn symud yn araf ar tua 2-3000 troedfedd."
2002,11,28,14:26,Cardiff Docks,South Glamorgan,-,Two sightings over Cardiff docks. The objects were of different colours and were moving up and down.,,2002,11,28,0.601388889,Dociau Caerdydd ,De Morgannwg,-,Dau achos yn nociau Caerdydd. Roedd y gwrthrychau o liwiau gwahanol ac yn symud i fyny ac i lawr.
2003,1,4,21:15,"St Clares, Nr Carmarthen",Dyfed,-,"White object with vivid flashing green, blue and red lights.",,2003,1,4,0.885416667,"Sancler, ger Caerfyrddin",Dyfed,-,"Gwrthrych gwyn gyda goleuadau gwyrdd, glas a choch yn fflachio'n fyw."
2003,1,15,22:10,Cowbridge,South Glamorgan,-,"A large round disc, slightly smaller than the moon. Creamy white then changed green.",,2003,1,15,0.923611111,Y Bontfaen,De Morgannwg,-,"Disg mawr crwn, ychydig yn llai o faint na'r lleuad. Gwyn hufennaidd ac yna trodd yn wyrdd."
2003,3,2,15:54,Pontypridd,Mid-Glamorgan,-,"Strange object, silver and shaped like a dart.",,2003,3,2,0.6625,Pontypridd,Morgannwg Ganol,-,"Gwrthrych rhyfedd, arianlliw ac iddo siâp fel dart."
2003,6,14,21:35,Llandrindod Wells,Powys,-,Very big red light balls hovering. One red light hung smaller and then dropped out.,,2003,6,14,0.899305556,Llandrindod Wells,Powys,-,Peli mawr iawn o olau coch yn hofran. Wnaeth un golau coch hongian yn llai ac yna syrthiodd allan.
2003,7,12,22:05,Rhonda,Mid-Glamorgan,-,"Two round objects with legs, which were black and spinning.",,2003,7,12,0.920138889,Rhonda,Morgannwg Ganol,-,
2003,8,13,22:55,Maesteg,Mid-Glamorgan,-,"Roundish, football shaped. Flashing lights-multi coloured. The lights were on top, then moved around the object.",,2003,8,13,0.954861111,Maesteg,Morgannwg Ganol,-,"Siâp pêl droed crynnaidd. Goleuadau amryliw yn fflachio. Roedd y goleuadau ar y brig, yna symudon nhw o gwmpas y gwrthrych."
2003,8,14,23:09,Newport,Gwent,-,Orange circular object seen. Stayed stationary.,,2003,8,14,0.964583333,Casnewydd,Gwent,-,Gwelwyd gwrthrych oren crwn. Safodd yn ei unfan.
2003,9,24,19:25,Barry,South Glamorgan,-,"Saw an unusual object, falling from a cloud, like it was burning, and was very fast. Was viewed for five minutes.",,2003,9,24,0.809027778,Y Barri,De Morgannwg,-,"Gwelwyd gwrthrych anghyffredin, yn syrthio o gwmwl, fel petai'n llosgi, ac roedd yn gyflym iawn. Cafodd ei wylio am bum munud."
2004,2,18,16:02,Rhyl,Clwyd,-,Large black object over Rhyl.,,2004,2,18,0.668055556,Rhyl,Clwyd,-,Gwrthrych du mawr uwchben y Rhyl.
2004,9,5,15:20,Barry,South Glamorgan,-,"The object was a bright light at first and then looked like a box kite. There was no sound, wings or fuselage.",,2004,9,5,0.638888889,Y Barri,De Morgannwg,-,"Roedd y gwrthrych yn olau llachar ar y dechrau ac yna edrychodd fel barcud blwch. Doedd dim sŵn, adennydd na chorff i'r gwrthrych."
2004,9,7,11:30,Holywell,Flintshire,-,"Two silvery objects, they were pulling apart and moving together and they left vapour trails as they were moving.",,2004,9,7,0.479166667,Treffynnon,Fflint,-,"Dau wrthrych arian, roedden nhw'n tynnu ar wahân ac yn symud at ei gilydd a gadawon nhw lwybrau anwedd wrth iddyn nhw symud."
2004,9,8,20:15,Cardiff,South Glamorgan,-,"Large flash of light which turned into a grey object descending over Cardiff bay, with trailing smoke behind it.",,2004,9,8,0.84375,Caerdydd,De Morgannwg,-,"Fflach fawr o oleuni a drodd yn wrthrych llwyd yn disgyn dros fae Caerdydd, gyda mwg yn dilyn ar ei ôl."
2004,9,24,06:30,Newport,Dyfed/South Wales,-,"One object that looked like a disc, with a tail and was shiny.",,2004,9,24,0.270833333,Casnewydd,Dyfed / De Cymru,-,"Un gwrthrych a edrychodd fel disg, gyda chynffon ac roedd yn sgleiniog."
2005,1,31,05:00,Port Talbot,West Glamorgan,-,"Looked like an orange ball of light, like a big star in the sky and it had spiderish legs.",,2005,1,31,0.208333333,Port Talbot,Gorllewin Morgannwg,-,"Edrychodd fel pêl oren o oleuni, fel seren fawr yn yr awyr ac roedd ganddi goesen tebyg i gopyn."
2005,2,19,19:45,Llangollen,Clwyd,-,A number of orange lights seen in the sky.,,2005,2,19,0.822916667,Llangollen,Clwyd,-,Gwelwyd nifer o oleuadau oren yn yr awyr.
2005,2,20,09:50,Cardiff,South Glamorgan,-,"Bright blue object, that broke into about 3/4 segments and then disappeared.",,2005,2,20,0.409722222,Caerdydd,De Morgannwg,-,"Gwrthrych glas llachar, a dorodd yn rhyw 3/4 segment ac yna diflannu."
2005,3,20,19:35,-,North Wales,-,Just said saw a UFO.,,2005,3,20,0.815972222,,Gogledd Cymru,-,Y cyfan a ddwedwyd oedd bod UFO wedi ei weld.
2005,4,29,-,-,Pembrokeshire,-,"Saw a thing in the sky like a white square box, travelling towards Newport.",,2005,4,29,-,,Sir benfro,-,"Gwelodd beth yn yr awyr fel blwch sgwar, yn teithio tua Chasnewydd."
2005,9,2,21:30,Rhossili Bay,South Wales,-,"A bright object was travelling at high speed, horizontally, West to East. The object was a matt white, which looked like marble.",,2005,9,2,0.895833333,Bae Rhossili,De Cymru,-,"Roedd gwrthrych llachar yn teithio'n gyflym iawn, yn llorweddol, o'r Gorllewin tua'r Dwyrain. Roedd y gwrthrych yn wyn afloyw, a oedd yn edrych fel marmor."
2005,10,26,23:58,-,Wales,-,The object looked like a red ball and was the size of a sixpence. It exploded and the whole sky lit up.,,2005,10,26,0.998611111,,Cymru,-,Edrychodd y gwrthrych fel pêl goch ac roedd tua maint chwecheiniog. Ffrwydrodd gan oleuo'r awyr i gyd.
-,-,-,-,Port Talbot,West Glamorgan,-,Said it looked like a parachute flare.,,-,-,-,-,Port Talbot,Gorllewin Morgannwg,-,Dwedodd ei fod yn edrych fel fflêr parasiwt.
-,-,-,-,Swansea,West Glamorgan,Coastguard,Said it looked like a parachute flare.,,-,-,-,-,Abertawe,Gorllewin Morgannwg,Gwylwyr y Glannau,Dwedodd ei fod yn edrych fel fflêr parasiwt.
-,-,-,-,Briton Ferry,West Glamorgan,-,Just said something was seen in the sky. (Was seen sometime in February 2005).,,-,-,-,-,Llansawel,Gorllewin Morgannwg,-,Y cyfan a ddwedodd oedd bod rhywbeth wedi ei weld yn yr awyr. (Cafodd ei weld rywbryd yn Chwefror 2005).
-,-,-,-,Cardiff,South Wales,-,A UFO. (Seen sometime in 2005).,,-,-,-,-,Caerdydd,De Cymru,-,UFO. (Cafodd ei weld rywbryd yn 2005).
-,-,-,-,Pontyclun,South Wales,-,A UFO. (Seen sometime in 2005).,,-,-,-,-,Pontyclun,De Cymru,-,UFO. (Cafodd ei weld rywbryd yn 2005).
-,-,-,-,Croesyceiliog,Gwent,-,The witness saw five to six white lights flying very fast overhead. They looked a bit like bright stars.,,-,-,-,-,Croesyceiliog,Gwent,-,Gwelodd y tyst bum i chwe golau gwyn yn hedfan yn gyflym iawn uwchben. Roedden nhw'n edrych tipyn bach fel sêr llachar.
-,-,-,22:00,A5,North Wales,-,"Witness saw bright lights dancing in the sky, on the way to Llandudno. (Seen in January 2005).",,-,-,-,0.916666667,A5,Gogledd Cymru,-,"Gwelodd y tyst oleuadau llachar yn dawnsio yn yr awyr, ar y ffordd i Landudno. (Gwelwyd yn Ionawr 2005)."
-,-,-,23:10,Monmouth,Gwent,-,"A flying saucer was seen, while looking out of the bedroom window. (Was seen in October 2005).",,-,-,-,0.965277778,Trefynwy,Gwent,-,"Cafodd soser hedegog ei weld, wrth edrych allan o fenest yr ystafell wely. (Gwelwyd yn Hydref 2005)."
2006,5,8,13:11,St. Tudwal's Islands,Mid-Wales,-,The object looked like a black square hanging in the sky.,,2006,5,8,0.549305556,Ynysoedd Tudwal,Canolbarth Cymru,-,Edrychodd y gwrthrych fel sgwar du yn hongian yn yr awyr.
-,-,-,-,Churchstoke,Powys,-,"The object was disc shaped, with four different colours - blue, green, white and orange. (Seen 2006 - Message taken 3 July 2006).",,-,-,-,-,Yr Ystog,Powys,-,"Roedd y gwrthrych yn siâp disg, gyda phedwar lliw - glas, gwyrdd, gwyn ac oren. (Gwelwyd 2006 - Cymerwyd y neges 3 Gorffennaf 2006)."
2007,1,16,20:45,Llanpumsaint,Carmarthenshire,-,"Ball of light that faded away, then came back again. Orange ball was near the car._x000D_Three red lights were seen moving clockwise.",,2007,1,16,0.864583333,Llanpumsaint,Sir Gaerfyrddin,-,"Pêl o oleuni a bylodd, ac yna daeth yn ôl eto. Roedd pêl oren yn agos at y car._x000D_Gwelwyd tri golau coch yn symud yn glocwedd."
2007,5,29,23:45,Pontrobert/Meiford,Powys,-,Triangular shaped object. About 100ft high/large. Bright green and blue. A second_x000D_object appeared and it had pink pulsating lights.,,2007,5,29,0.989583333,Pontrobert/Meiford,Powys,-,Gwrthrych siâp triongl.Tua 100 troedfedd o uchder/maint. Gwyrdd a glas llachar. Daeth ail_x000D_wrthrych i'r golwg ac roedd ganddo oleuadau pinc yn pwlsadu.
2007,9,1,22:30,Silver Bay/Rhoscolyn,Isle of Anglesey,-,The object looked like a brightly coloured aircraft. The object was moving quite_x000D_fast.,,2007,9,1,0.9375,Silver Bay/Rhoscolyn,Ynys Môn,-,Edrychodd y gwrthrych fel awyren â lliwiau llachar. Roedd y gwrthrych yn symud yn eithaf_x000D_cyflym.
2007,12,8,-,Bryn,West Glamorgan,-,Two clusters of amber/orange and white lights in triangular formations. They_x000D_travelled horizontally in a North Westerly direction. They moved like a cork that_x000D_was bobbing on water.,,2007,12,8,-,Bryn,Gorllewin Morgannwg,-,Dau glwstwr o oleuadau ambr/oren a gwyn mewn patrymau trionglog. Teithion_x000D_nhw'n llorweddol tua chyfeiriad y Gogledd-orllewin. Symudon nhw fel corc a_x000D_oedd yn bobio ar ddŵr.
-,-,-,-,Pontrennau/Cardiff,West Glamorgan,-,A UFO was seen. (UFO was seen sometime in December 2007). (Message taken_x000D_3 January 2008).,,-,-,-,-,Pontrennau/Caerdydd,Gorllewin Morgannwg,-,Gwelwyd UFO. (Gwelwyd yr UFO rywbryd yn Rhagfyr 2007). (Cymerwyd y neges_x000D_3 Ionawr 2008).
-,-,-,23:00,Pontypridd,Mid-Glamorgan,-,"An object which had all these different lights. When the lights flashed, they looked_x000D_like they were different shapes. Then both ends of the object started to flash._x000D_(Seen in Nov 2007 and message taken 3 Jan 2008).",,-,-,-,0.958333333,Pontypridd,Morgannwg Ganol,-,"Gwrthrych ag iddo'r holl oleuadau gwahanol yma. Pan fflachiodd y goleuadau, roedden nhw'n edrych_x000D_petaen nhw'n siapiau gwahanol. Yna dechreuodd dau ben y gwrthrych fflachio._x000D_(Gwelwyd yn Nhach 2007 a chymerwyd y neges 3 Ion 2008)."
-,-,-,-,Whitchurch,West Glamorgan,-,A UFO was seen. (UFO was seen sometime in December 2007). (Message taken_x000D_3 January 2008).,,-,-,-,-,Egwlys Newydd,Gorllewin Morgannwg,-,Gwelwyd UFO. (Gwelwyd yr UFO rywbryd yn Rhagfyr 2007). (Cymerwyd y neges_x000D_3 Ionawr 2008).
-,-,-,-,Cardiff,West Glamorgan,-,"The witness saw spaceships and then said that one of them abducted his dog, car_x000D_and tent when he and some friends were out camping. (Message taken 3 January_x000D_2008 and the UFO was seen sometime in 2007).",,-,-,-,-,Caerdydd,Gorllewin Morgannwg,-,"Gwelodd y tyst longau gofod ac yna dwedodd fod un ohonyn nhw wedi cipio ei gi, ei gar_x000D_a'i babell pan oedd ef ac ychydig o ffrindiau allan yn gwersylla. (Cymerwyd y neges 3 Ionawr_x000D_2008 a gwelwyd yr UFO rywbryd yn 2007)."
-,-,-,-,Cardiff,West Glamorgan,-,A UFO was seen. (UFO was seen sometime in December 2007). (Message taken_x000D_3 January 2008).,,-,-,-,-,Caerdydd,Gorllewin Morgannwg,-,Gwelwyd UFO. (Gwelwyd yr UFO rywbryd yn Rhagfyr 2007). (Cymerwyd y neges_x000D_3 Ionawr 2008).
2008,2,9,18:00,Abertillery,Gwent,-,There was an object in the sky that looked like a glowing red ball. A strange substance like molten metal burst from it as it went overhead. It moved without sound.,,2008,2,9,0.75,Abertyleri,Gwent,-,Roedd gwrthrych yn yr awyr a oedd yn edrych fel pêl goch ddisglair. Ffrwydrodd sylwedd rhyfedd fel metel tawdd ohono wrth iddo fynd uwchben. Symudodd heb unrhyw sŵn.
2008,3,2,23:00,Northop Hall,Flintshire,-,A bright circle shape was seen. It moved_x000D_quickly and was quite erratic in the sky. It shot_x000D_to the left over some houses and then_x000D_disappeared.,,2008,3,2,0.958333333,Neuadd Northop,Fflint,-,Gwelwyd siâp lachar gron. Symudodd_x000D_yn gyflym ac roedd yn eithaf gwibiog yn yr awyr. Neidiodd_x000D_i'r chwith dros nifer o dai ac yna_x000D_diflannodd.
2008,5,19,02:30,Rhydwyn/Caergybi,Isle of Anglesey,-,"A round, bright white object. It was moving_x000D_from SW to NE, and moved slowly and_x000D_quietly.",,2008,5,19,0.104166667,Rhydwyn/Caergybi,Ynys Môn,-,"Gwrthrych crwn, gwyn llachar. Roedd yn symud_x000D_o'r De-orllewin i'r Gogledd-ddwyrain, a symudodd yn araf ac_x000D_yn dawel."
2008,6,6,22:59,Godrer Aran/Llanuwchllyn,Gwynedd,-,Two orange lights were seen. They were fast_x000D_moving. One moved to the East to Bala and_x000D_the other one climbed vertically.,,2008,6,6,0.957638889,Godrer Aran/Llanuwchllyn,Gwynedd,-,Gwelwyd dau olau oren. Roedden nhw'n symud_x000D_yn gyflym. Symudodd un tua'r Dwyrain i'r Bala a dringodd_x000D_y llall yn fertigol.
2008,6,23,23:10,Barry,Vale of Glamorgan,-,Eleven objects in the sky.,,2008,6,23,0.965277778,Y Barri,Bro Morgannwg,-,Unarddeg o wrthrychau yn yr awyr.
2008,7,27,16:30,Pontypridd,Mid Glamorgan,-,An object was travelling at high speed. It_x000D_appeared to be round like a football. It was_x000D_travelling from South East to North East. It_x000D_then disappeared.,,2008,7,27,0.6875,Pontypridd,Morgannwg Ganol,-,Roedd gwrthrych yn teithio yn gyflym iawn. Roedd ei olwg_x000D_yn grwn fel pêl droed. Roedd yn_x000D_teithio o'r De-ddwyrain tua'r Gogledd-ddwyrain. Yna_x000D_diflannodd.
2008,8,3,22:00,Barry,Glamorgan,-,Three UFOs or something.,,2008,8,3,0.916666667,Y Barri,Morgannwg,-,Tri UFO neu rywbeth.
2008,8,15,21:10,Argoed,West Glamorgan,-,"Three bright orange lights/objects in the sky,_x000D_about a mile away. One of the objects was_x000D_black and disc shaped. It moved quick and_x000D_was silent.",,2008,8,15,0.881944444,Argoed,Gorllewin Morgannwg,-,"Tri golau/gwrthrych oren llachar yn yr awyr,_x000D_tua milltir i ffwrdd. Roedd un o'r gwrthrychau yn_x000D_ddu ac roedd iddo siâp disg. Symudodd yn gyflym ac_x000D_roedd yn ddistaw."
2008,10,14,-,Swansea,West Glamorgan,-,"There was a continual orange, strange shapein the sky. There was a very odd light too.",,2008,10,14,-,Abertawe,Gorllewin Morgannwg,-,"Roedd siâp oren cyson, rhyfedd yn yr awyr. Roedd goleuni od iawn hefyd."
2008,10,29,-,Erbistock/Wrexham,Clwyd,-,An unusual sighting.,,2008,10,29,-,Erbistog/Wrecsam,Clwyd,-,Achos anghyffredin.
2008,12,1,21:30,Village of Llangwm,Pembrokeshire,-,"A very bright light, which had a long white tail._x000D_It then shot across the sky and the whole field_x000D_was lit up. The light then began to break up.",,2008,12,1,0.895833333,Pentref Llangwm,Sir benfro,-,"Golau llachar iawn, ag iddo gynffon wen hir._x000D_Yna saethodd dros yr awyr a chafodd y cae_x000D_cyfan ei oleuo. Yna dechreuodd y golau ymddatod."
2008,12,26,02:30,Old Colwyn,North wales,-,"Bigger than a helicopter, 250 metres up,_x000D_silent, with something like a bar coming off it._x000D_30 seconds later flew off over the sea followed_x000D_closely by a helicopter",,2008,12,26,0.104166667,Hen Colwyn,Gogledd Cymru,-,"Mwy o faint na hofrennydd, 250 metr i fyny,_x000D_distaw, gyda rhywbeth fel bar yn dod oddi arno._x000D_30 eiliad yn hwyrach hedodd i ffwrdd dros y môr wedi ei ddilyn_x000D_yn agos gan hofrennydd"
-,-,-,-,Cardiff,West Glamorgan,-,A UFO. (Message taken 10 January 2008).,,-,-,-,-,Caerdydd,Gorllewin Morgannwg,-,UFO. (Cymerwyd y neges 10 Ionawr 2008).
-,-,-,21:05,Caerleon/Newport,Gwent,-,Two balls of fire were hovering in the sky.They then elevated up and shot off into thedistance. (Message taken 12 May 2008).,,-,-,-,0.878472222,Caerleon/Casnewydd,Gwent,-,Roedd dwy bêl o dân yn hofran yn yr awyr.Yna codon nhw a saethu i ffwrdd i'rpellter. (Cymerwyd y neges 12 Mai 2008).
-,-,-,01:45,Newport,Gwent,-,A single object. (Message taken 28 July2008).,,-,-,-,0.072916667,Casnewydd,Gwent,-,Gwrthrych unigol. (Cymerwyd y neges 28 Gorffennaf2008).
-,-,-,-,Swansea,Glamorgan,-,A UFO. (Message taken 11 August 2008).,,-,-,-,-,Abertawe,Morgannwg,-,UFO. (Cymerwyd y neges 11 Awst 2008).
-,-,-,23:00,Haverfordwest,Pembrokeshire,-,A UFO. (Message taken 8 September 2008).,,-,-,-,0.958333333,Hwlffordd,Sir benfro,-,A UFO. (Cymerwyd y neges 8 Medi 2008).
-,-,-,-,Neath,Neath & Port Talbot,-,Three glowing objects. The objects weremoving towards the witness and then movedstraight up into the sky. (Message taken 14October 2008).,,-,-,-,-,Castell Nedd,"
Castell-nedd a Phort Talbot",-,Tri gwrthrych yn disgleirio. Roedd y gwrthrychau'n symudtuag at y tyst ac yna symudonnhw'n syth i fyny i'r awyr. (Cymerwyd y neges 14Hydref 2008).
-,-,-,-,Mumbles/Swansea,Glamorgan,-,A UFO. (Message taken 14 October 2008).,,-,-,-,-,Mwmbwls/Abertawe,Morgannwg,-,UFO. (Cymerwyd y neges 14 Hydref 2008).
2009,1,1,-,Porthcawl,Mid Glamorgan,-,A diamond shaped red light came towards him from the sea. Rear_x000D_end of diamond was a blue light. It was incredibly hot as it passed_x000D_overhead. No sound.,,2009,1,1,-,Porthcawl,Morgannwg Ganol,-,Daeth golau coch siâp diemwnt tuag at o'r môr. Roedd ôl_x000D_y diemwnt yn olau glas. Roedd yn anhygoel o boeth wrth iddo basio_x000D_uwchben. Dim sŵn.
2009,1,1,-,Llandudno,Clwyd,-,A bright orange light.,,2009,1,1,-,Llandudno,Clwyd,-,Golau oren llachar.
2009,1,6,-,Cardigan,Cardiganshire,-,Five rather big orange things flew over the witness. He was terrified.,,2009,1,6,-,Cardigan,Sir Aberteifi,-,Hedodd pum peth eitha mawr dros y tyst. Cafodd ei arswydo.
2009,1,23,20:58,Undy,Newport,-,"Object had a large light on the front and a smaller red and green_x000D_light on either side, as if on the ends of a planes wings. Base was a_x000D_perfect square and black in colour. It made a quiet humming sound.",,2009,1,23,0.873611111,Gwyndy,Casnewydd,-,"Roedd gan y gwrthrych olau mawr ar y blaen a golau_x000D_coch a gwyrdd llai o faint ar bob ochr, fel petawn nhw ar ddau ben adenydd awyren. Y sail yn sgwar_x000D_perffaith ac yn ddu ei liw. Gwnaeth sŵn grwnan tawel."
2009,1,23,21:40,West Cross,Swansea,-,Large ball of light. Light did not diminish. Very strange. Made no_x000D_sound. Very strange.,,2009,1,23,0.902777778,Gorllewin Croes,Abertawe,-,Pêl fawr o oleuni. Ni leihaodd y goleuni. Rhyfedd iawn. Ni wnaeth unrhyw_x000D_sŵn. Rhyfedd iawn.
2009,2,7,-,Gorseinon,Swansea,-,Strange object seen when he developed photographs he had taken.,,2009,2,7,-,Gorseinon,Abertawe,-,Gwelwyd gwrthrych rhyfedd pan ddatblygodd y ffotograffau roedd e wedi eu tynnu.
2009,2,15,06:30,Bennech,Anglesey,-,Strange lights seen over the bay.,,2009,2,15,0.270833333,Bennech,Ynys Môn,-,Gwelwyd goleuadau rhyfedd dros y bae.
2009,2,22,01:10,Chepstow,Gwent,-,A single object the size of a large car. Silver with flames flickering_x000D_from the underside. Then moved up and away.,,2009,2,22,0.048611111,Cas-Gwent,Gwent,-,Gwrthrych unigol maint car mawr. Yn arian gyda fflamau'n fflachio_x000D_o'r ochr isaf. Yna symudodd i fyny ac i ffwrdd.
2009,3,22,20:00,Adfa,Powys,-,Looked like a satellite crashing or a star. It was fairly pacey and then_x000D_slowed to a halt. It moved off after 20 seconds and gathered speed._x000D_It became a dot and vanished.,,2009,3,22,0.833333333,Adfa,Powys,-,Edrychodd fel lloeren yn gwrthdaro neu seren. Roedd yn weddol cyflym ac yna_x000D_arafodd i sefyll yn ei unfan. Symudodd i ffwrdd ar ôl 20 eiliad a chyflymodd._x000D_Aeth yn smotyn a diflannu.
2009,3,24,05:17,Bridgend,Glamorgan,-,Four UFOs flying beneath two aircraft. They moved much faster_x000D_than the aircraft. Greyish in colour with a dome on top and bottom._x000D_Flew over the Waterton Industrial Estate.,,2009,3,24,0.220138889,Penybont,Morgannwg,-,Pedwar UFO yn hedfan o dau ddau awyren. Symudon nhw'n llawer cyflymach_x000D_na'r awyrennau. Llwydaidd eu lliw gyda chromen ar y pen a'r gwaelod._x000D_Hedon nhw dros Ystad Ddiwydiannol Waterton.
2009,4,4,21:02,Abergavenny,Gwent,-,Two UFOs.,,2009,4,4,0.876388889,Y Fenni,Gwent,-,Dau UFO.
2009,4,13,21:00,Moelfre,Angelsey,-,Looked like a Chinese lantern.,,2009,4,13,0.875,Moelfre,Angelsey,-,Edrychodd fel llusern Tseiniaidd.
2009,4,28,-,Tywyn,Gwynedd,-,A big bright orange light. It turned white and then disappeared very_x000D_quickly. It made no noise.,,2009,4,28,-,Tywyn,Gwynedd,-,Golau mawr oren llachar. Trodd yn wyn ac yna diflannodd yn gyflym_x000D_iawn. Ni wnaeth unrhyw sŵn.
2009,5,3,21:30,Ammanford,Dyfed,Pilot,Seven orange orbs that suddenly disappeared. They were on a_x000D_North-South trajectory. Witness contacted Cardiff Air Traffic Control_x000D_who had nothing on radar.,,2009,5,3,0.895833333,Rhydaman,Dyfed,Peilot,Saith cylchlun oren a ddiflannodd yn sydyn. Roedden nhw'n teithio ar linell_x000D_Gogledd-De. Cysylltodd y tyst â gwasanaeth Rheoli Traffig Awyr Caerdydd_x000D_na welon nhw ddim ar radar.
2009,5,16,22:00,Deeside,Flintshire,-,Seven bright orange lights in the sky. Silent. Travelling towards the_x000D_Wirral.,,2009,5,16,0.916666667,Glannau Dyfrdwy,Fflint,-,Saith golau oren llachar yn yr awyr. Distaw. Teithio tuag at_x000D_Gilgwri.
2009,5,24,00:00,Llandaff City,Cardiff,-,Seven bright red lights.,,2009,5,24,0,Dinas Llandaf,Caerdydd,-,Saith golau coch llachar.
2009,5,25,12:00,Swansea,West Glamorgan,-,Three small yellow orbs travelling quite slow.,,2009,5,25,0.5,Abertawe,Gorllewin Morgannwg,-,Tri chylchlun melyn bach yn teithio'n eithaf araf.
2009,6,13,-,Porthcawl,Mid Glamorgan,-,A very bright orange circular shape. Got smaller as it moved away._x000D_Moving South West to South.,,2009,6,13,-,Porthcawl,Morgannwg Ganol,-,Siâp crwn oren llachar iawn. Aeth yn llai wrth symud i ffwrdd._x000D_Symudodd o'r De-orllewin tua'r De.
2009,6,14,-,Cardiff,South Glamorgon,-,A UFO.,,2009,6,14,-,Caerdydd,"
De Morgannwg",-,UFO.
2009,6,24,22:05,Swansea Bay,West Glamorgan,-,"A bright circle of fire travelling South Westerly. It was only a few_x000D_hundred feet up moving silently across the sky at 30mph and then_x000D_after four minutes, vanished.",,2009,6,24,0.920138889,Bae Abertawe,Gorllewin Morgannwg,-,"Cylch llachar o dân yn teithio tua'r De-orllewin. Roedd dim ond rhai_x000D_cannoedd o droedfedd i fyny yn symud yn ddistaw ar draws yr awyr am 30mya ac yna_x000D_ar ôl pedair munud, diflannodd."
2009,7,1,18:45,Swansea,West Glamorgan,-,"Seemed like a rather large disc or round in appearance. It was dark_x000D_in colour but bounced sunlight off its surface. It was floating or_x000D_bobbing up and down. Other aircraft were at the same altitude and_x000D_could be heard, the object made no noise.",,2009,7,1,0.78125,Abertawe,Gorllewin Morgannwg,-,"Roedd tipyn bach fel disg mawr neu'n grwn ei olwg. Roedd ei liw yn_x000D_dywyll ond roedd heulwen yn neidio oddi ar ei wyneb. Roedd yn arnofio neu_x000D_yn bobio i fyny ac i lawr. Roedd awyrennau eraill ar yr un uchder a gallen nhw_x000D_gael eu clywed, ond ni wnaeth y gwrthrych unrhyw sŵn."
2009,7,2,22:20,Blackwood,Gwent,Ex-test engineer for Hawker Siddley,A bright orange light seen through the tree line. It turned and cleared_x000D_the tree line. The other side of the object appeared to be a large_x000D_rectangle shape of fire red/orange. It was silent. The object slowly_x000D_climbed in the direction of Gloucester.,,2009,7,2,0.930555556,Coed Duon,Gwent,Cyn beiriannydd prawf ar gyfer Hawker Siddley,Golau oren llachar a welwyd drwy'r llinell o goed. Trodd a chliriodd_x000D_y llinell o goed. Yn ôl pob golwg roedd ochr arall y gwrthrych yn siâp petryal mawr_x000D_o dân coch/oren. Roedd yn ddistaw. Dringodd_x000D_y gwrthrych yn araf i gyfeiriad Caerloyw.
2009,7,19,01:22,Newport,Gwent,-,"A bright, reddish light travelling W to E, below cloud level. It made_x000D_no sound. It was moving in a straight line but too slow to be a_x000D_meteorite. It had no navigation type lights.",,2009,7,19,0.056944444,Casnewydd,Gwent,-,"Golau cochaidd, llachar yn teithio o'r Gorllewin i'r Dwyrain, islaw lefel y cymylau. Ni wnaeth_x000D_unrhyw sŵn. Roedd yn symud mewn llinell syth ond yn rhy araf i fod yn_x000D_awyrfaen. Nid oedd ganddo unrhyw oleuadau o fath mordwyo."
2009,8,7,10:00,Cardiff,Wales,-,Unusual lights above Cardiff travelling silently.,,2009,8,7,0.416666667,Caerdydd,Cymru,-,Goleuadau anghyffredin uwchben Caerdydd yn teithio'n ddistaw.
2009,8,7,22:00,Cardiff,South Glamorgon,-,Unusual lights travelling silently from West to East.,,2009,8,7,0.916666667,Caerdydd,"
De Morgannwg",-,Goleuadau anghyffredin yn teithio'n ddistaw o'r Gorllewin i'r Dwyrain.
2009,8,12,23:03,Morfa Nefyn,Pwllheli,-,Bright light shone through the window. Saw three lights size of a_x000D_basket ball moving up/down and rotating on own axis. Seemed to_x000D_loose power after 30 seconds and vanished.,,2009,8,12,0.960416667,Morfa Nefyn,Pwllheli,-,Disgleiriodd golau llachar drwy'r ffenestr. Gwelodd dri golau maint_x000D_pêl fasged yn symud i fyny/lawr ac yn troelli ar eu hechel eu hun. Roedd fel petai y collodd_x000D_bŵer ar ôl 30 eiliad a diflannodd.
2009,8,17,21:19,Newport,Gwent,-,"Bright orange light, definitely not a plane.",,2009,8,17,0.888194444,Casnewydd,Gwent,-,"Golau oren llachar, ddim yn awyren yn bendant."
2009,9,1,-,Penarth,South Wales,-,Very bright object above the sun.,,2009,9,1,-,Penarth,De Cymru,-,Gwrthrych llachar iawn uwchben yr haul.
2009,9,8,20:00,RAF Valley,Anglesey,-,Two round balls were in the sky chasing each other.,,2009,9,8,0.833333333,Cwm RAF,Ynys Môn,-,Gwelwyd dwy bêl gron yn yr awyr yn hela ei gilydd.
2009,9,19,20:15,Betws,Dyfed,Journalist,"Three objects, like bright orange tennis balls stuck together flying_x000D_across the sky.",,2009,9,19,0.84375,Betws,Dyfed,Newyddiadurwr,"Tri gwrthrych, fel peli tenis oren llachar wedi ei glynu wrth ei gilydd yn hedfan_x000D_ar draws yr awyr."
2009,9,19,20:19,Anglesy,North Wales,-,"Object was similar to an egg shape and was amber in colour and_x000D_appeared to be hovering over  field's before disappearing.  Five_x000D_minutes later two objects appeared in same area, then disappeared_x000D_and reappeared over the Meni Straits.",,2009,9,19,0.846527778,Ynys Môn,Gogledd Cymru,-,"Roedd y gwrthrych yn debyg i siâp wy ac yn ambr ei liw ac_x000D_yn ôl pob golwg roedd yn hofran dros gaeau cyn diflannu.  Pum_x000D_munud wedi hynny ymddangosodd dau wrthrych yn yr un ardal, yna diflannu_x000D_ac ailymddangos dros Afon Meni."
2009,9,29,20:10,Connah's Quay,Flintshire,-,"Bright orange light, 1cm deep, joined by a second light, no sound.",,2009,9,29,0.840277778,Cei Connah,Fflint,-,"Golau oren llachar, 1cm o ddyfnder, ymunodd ail olau ag ef, dim sŵn."
2009,10,5,-,Cardiff,South Glamorgon,-,Two objects seen in sky.,,2009,10,5,-,Caerdydd,"
De Morgannwg",-,Gwelwyd dau wrthrych yn yr awyr.
2009,10,10,23:10,Beaumaris,Anglesey,-,"Two triangular orange lights, about 10 seconds apart.",,2009,10,10,0.965277778,Beaumaris,Ynys Môn,-,"Dau olau oren trionglog, tua 10 eiliad ar wahân."
2009,10,31,-,Maesteg,Bridgend,-,Orange red sphere giving off light moved up into the clouds without_x000D_making any noise.,,2009,10,31,-,Maesteg,Pen-y-bont ar Ogwr,-,Symudodd sffer oren coch yn tywynnu goleuni i fyny i'r cymylau heb_x000D_wneud unrhyw sŵn.
2009,10,31,20:20,Llynfi Valley,Mid-Glamorgan,-,Orange oval UFO passing by.,,2009,10,31,0.847222222,Bro Llynfi,Morgannwg Ganol,-,UFO oren hirgrwn yn mynd heibio.
2009,11,5,19:34,Pontarddulais,Swansea,-,"Silent, off red, blood orange colour and entire sphere emitted light._x000D_No spotlights. Light remained constant and didn’t flicker. Saw for_x000D_four minutes.",,2009,11,5,0.815277778,Pontarddulais,Abertawe,-,"Yn ddistaw ac o liw cochaidd, oren gwaed a'r sffer cyfan yn tywynnu._x000D_Dim sbotoleuadau. Arhosodd y golau'n gyson heb neidio. Gwelwyd am_x000D_bedair munud."
2009,11,8,18:10,Porthcawl,Mid-Glamorgan,-,No description provided.,,2009,11,8,0.756944444,Porthcawl,Morgannwg Ganol,-,Ni ddarparwyd unrhyw ddisgrifiad.
2009,11,19,-,Rumney,Cardiff,-,Four lights whirling about above the nature reserve.,,2009,11,19,-,Rumney,Caerdydd,-,Pedwar golau yn chwilwibio uwchben y warchodfa natur.
