FID,id,toilet_lokalitet,adresse,toilet_type,toilet_betegnelse,handicapadgang,design,helaarsaabent,aabent_april_sept,mandag,tirsdag,onsdag,torsdag,fredag,loerdag,soendag,doegnaabent,bemaerkning,registreret_dato,rettet_dato,longitude,latitude,wkb_geometry
toilet_tmf_kk.1,45,Rådhuspladsen,"Rådhuspladsen 3, 1599 København V",Opsyn,Toilet med personale og handicapadgang,Ja,Skur,Ja,,Lukket til sommeren 2019,Lukket til sommeren 2019,Lukket til sommeren 2019,Lukket til sommeren 2019,Lukket til sommeren 2019,Lukket til sommeren 2019,Lukket til sommeren 2019,Nej,Info om jul/nytår offentliggøres medio december hvert år.,2002-11-13T00:00:00,2019-03-04T13:02:08.984,12.568555,55.676169,MULTIPOINT ((12.56855453222624 55.6761688403251))
toilet_tmf_kk.2,168,Nyhavn,"Nyhavn 1F, 1051 København K",Opsyn,Toilet med personale,Ja,Underjordisk,Ja,,9.00 - 22.30,9.00 - 22.30,9.00 - 22.30,9.00 - 22.30,9.00 - 22.30,9.00 - 22.30,9.00 - 22.30,Nej,Info om jul/nytår offentliggøres medio december hvert år.,2002-11-13T00:00:00,2018-07-24T10:41:34.517,12.587758,55.680573,MULTIPOINT ((12.587758447732242 55.680572606029195))
toilet_tmf_kk.3,54,Vigerslevparken Nord,"Engdraget 24, 2500 Valby",Park,Toilet med handicapadgang,Ja,Bygning,Nej- Vinterlukket fra 1/10 til 31/3,Ja,Ca. 9.00 - 21.00,Ca. 9.00 - 21.00,Ca. 9.00 - 21.00,Ca. 9.00 - 21.00,Ca. 9.00 - 21.00,Ca. 9.00 - 21.00,Ca. 9.00 - 21.00,Nej,Åbent fra 1. april til 30. september,2002-11-07T00:00:00,2018-05-14T11:00:19.615,12.480273,55.669723,MULTIPOINT ((12.480273182175992 55.66972285414592))
toilet_tmf_kk.4,55,Rødegårdsparken,"Rødegård 8A, 2300 København S",Park,Toilet med handicapadgang,Ja,Bygning,Nej- Vinterlukket fra 1/10 til 31/3,Ja,Ca. 9.00 - 21.00,Ca. 9.00 - 21.00,Ca. 9.00 - 21.00,Ca. 9.00 - 21.00,Ca. 9.00 - 21.00,Ca. 9.00 - 21.00,Ca. 9.00 - 21.00,Nej,Åbent fra 1. april til 30. september,2002-11-07T00:00:00,2018-05-14T11:00:19.615,12.611136,55.661051,MULTIPOINT ((12.611135718149878 55.66105152531239))
toilet_tmf_kk.5,70,Solkrogen,"Solkrogen  8, 2700 Brønshøj",Park,Toilet med handicapadgang,Ja,Bygning,Ja,,Ca. 9.00 - 21.00 (19.00 om vinteren),Ca. 9.00 - 21.00 (19.00 om vinteren),Ca. 9.00 - 21.00 (19.00 om vinteren),Ca. 9.00 - 21.00 (19.00 om vinteren),Ca. 9.00 - 21.00 (19.00 om vinteren),Ca. 9.00 - 21.00 (19.00 om vinteren),Ca. 9.00 - 21.00 (19.00 om vinteren),Nej,,2002-11-11T00:00:00,2018-05-14T11:00:19.615,12.509584,55.703179,MULTIPOINT ((12.509584052999767 55.70317912039282))
toilet_tmf_kk.6,71,Brønshøjparken,"Hyrdevangen 1, 2400 København NV",Park,Toilet med handicapadgang,Ja,Bygning,Nej- Vinterlukket fra 1/10 til 31/3,Ja,Ca. 9.00 - 21.00,Ca. 9.00 - 21.00,Ca. 9.00 - 21.00,Ca. 9.00 - 21.00,Ca. 9.00 - 21.00,Ca. 9.00 - 21.00,Ca. 9.00 - 21.00,Nej,Åbent fra 1. april til 30. september,2002-11-11T00:00:00,2018-05-14T11:00:19.615,12.510322,55.707316,MULTIPOINT ((12.51032196761098 55.707316523404586))
toilet_tmf_kk.7,72,"Damhusdæmningen,  Engen","Damhusdæmningen 14, 2720 Vanløse",Park,Toilet,Nej,Bygning,Nej- Vinterlukket fra 1/10 til 31/3,Ja,Ca. 9.00 - 21.00,Ca. 9.00 - 21.00,Ca. 9.00 - 21.00,Ca. 9.00 - 21.00,Ca. 9.00 - 21.00,Ca. 9.00 - 21.00,Ca. 9.00 - 21.00,Nej,Åbent fra 1. april til 30. september,2002-11-07T00:00:00,2018-05-14T11:00:19.615,12.468016,55.682449,MULTIPOINT ((12.4680159995384 55.6824493007537))
toilet_tmf_kk.8,73,"Damhusdæmningen, v. kiosk","Damhusdæmningen 2a, 2720 Vanløse",Park,Toilet med handicapadgang,Ja,Bygning,Ja,,Ca. 9.00 - 21.00 (19.00 om vinteren),Ca. 9.00 - 21.00 (19.00 om vinteren),Ca. 9.00 - 21.00 (19.00 om vinteren),Ca. 9.00 - 21.00 (19.00 om vinteren),Ca. 9.00 - 21.00 (19.00 om vinteren),Ca. 9.00 - 21.00 (19.00 om vinteren),Ca. 9.00 - 21.00 (19.00 om vinteren),Nej,,2002-11-07T00:00:00,2018-05-14T11:00:19.615,12.473101,55.68157,MULTIPOINT ((12.473101004813746 55.68156957844119))
toilet_tmf_kk.9,74,Hans Tavsens Park,"Hans Tavsens Gade 20, 2200 København N",Park,Toilet med handicapadgang,Ja,Bygning,Nej- Vinterlukket fra 1/10 til 31/3,Ja,Ca. 9.00 - 21.00,Ca. 9.00 - 21.00,Ca. 9.00 - 21.00,Ca. 9.00 - 21.00,Ca. 9.00 - 21.00,Ca. 9.00 - 21.00,Ca. 9.00 - 21.00,Nej,Åbent fra 1. april til 30. september,2002-11-07T00:00:00,2018-05-14T11:00:19.615,12.548019,55.688641,MULTIPOINT ((12.548019134649728 55.68864104434014))
toilet_tmf_kk.10,75,Lersøparken,"Bispebjerg Bakke 12, 2400 København NV",Park,Toilet med handicapadgang,Ja,Bygning,Nej- Vinterlukket fra 1/10 til 31/3,Ja,Ca. 9.00 - 21.00,Ca. 9.00 - 21.00,Ca. 9.00 - 21.00,Ca. 9.00 - 21.00,Ca. 9.00 - 21.00,Ca. 9.00 - 21.00,Ca. 9.00 - 21.00,Nej,Åbent fra 1. april til 30. september,2002-11-11T00:00:00,2018-05-14T11:00:19.615,12.542855,55.709717,MULTIPOINT ((12.542854546326767 55.70971734848466))
toilet_tmf_kk.11,76,Ryvangens Naturpark,"Rymarksvej 75B, 2900 Hellerup",Park,Toilet med handicapadgang,Ja,Bygning,Nej- Vinterlukket fra 1/10 til 31/3,Ja,Ca. 9.00 - 21.00,Ca. 9.00 - 21.00,Ca. 9.00 - 21.00,Ca. 9.00 - 21.00,Ca. 9.00 - 21.00,Ca. 9.00 - 21.00,Ca. 9.00 - 21.00,Nej,Åbent fra 1. april til 30. september,2002-11-07T00:00:00,2018-05-14T11:00:19.615,12.563557,55.72201,MULTIPOINT ((12.563557100425985 55.72200955328571))
toilet_tmf_kk.12,108,Balders Plads,"Baldersgade 60, 2200 København N",Gade,Toilet med handicapadgang,Ja,Bygning,Nej- Vinterlukket fra 1/10 til 31/3,Ja,Ca. 9.00 - 21.00,Ca. 9.00 - 21.00,Ca. 9.00 - 21.00,Ca. 9.00 - 21.00,Ca. 9.00 - 21.00,Ca. 9.00 - 21.00,Ca. 9.00 - 21.00,Nej,Åbent fra 1. april til 30. september,2002-11-07T00:00:00,2018-05-14T11:19:48.483,12.548328,55.70131,MULTIPOINT ((12.548327658466789 55.70130992185285))
toilet_tmf_kk.13,93,Hulgårds Plads,"Hulgårds Plads 4, 2400 København NV",Gade,Toilet med handicapadgang,Ja,Københavner,Ja,,Døgnåbent,Døgnåbent,Døgnåbent,Døgnåbent,Døgnåbent,Døgnåbent,Døgnåbent,Ja,,,2018-05-14T11:00:19.615,12.522551,55.705476,MULTIPOINT ((12.522550693628476 55.70547574270462))
toilet_tmf_kk.14,98,"Amager Strand, Søstjernen","Amager Strandvej 11, 2300 København S",Park,Toilet med handicapadgang,Ja,Bygning,Nej- Vinterlukket fra 1/10 til 31/3,Ja,Ca. 9.00 - 21.00,Ca. 9.00 - 21.00,Ca. 9.00 - 21.00,Ca. 9.00 - 21.00,Ca. 9.00 - 21.00,Ca. 9.00 - 21.00,Ca. 9.00 - 21.00,Nej,Åbent fra 1. april til 30. september,2002-11-07T00:00:00,2018-05-14T11:00:19.615,12.632197,55.666373,MULTIPOINT ((12.632196828178097 55.66637322922594))
toilet_tmf_kk.15,141,Islands Brygge,"Islands Brygge 20B, 2300 København S",AFA ,Toilet,Nej,AFA søjle,Ja,,Døgnåbent,Døgnåbent,Døgnåbent,Døgnåbent,Døgnåbent,Døgnåbent,Døgnåbent,Ja,,2013-04-11T13:36:16,2018-05-14T11:00:19.615,12.57425,55.665192,MULTIPOINT ((12.574249911450694 55.665192504185526))
toilet_tmf_kk.16,101,"Amager Strandvej, Kastrup Fort","Amager Strandvej 244, 2300 København S",Park,Toilet med handicapadgang,Ja,Bygning,Ja,,Ca. 9.00 - 21.00 (19.00 om vinteren),Ca. 9.00 - 21.00 (19.00 om vinteren),Ca. 9.00 - 21.00 (19.00 om vinteren),Ca. 9.00 - 21.00 (19.00 om vinteren),Ca. 9.00 - 21.00 (19.00 om vinteren),Ca. 9.00 - 21.00 (19.00 om vinteren),Ca. 9.00 - 21.00 (19.00 om vinteren),Nej,,2002-11-07T00:00:00,2018-05-14T11:00:19.615,12.638736,55.648955,MULTIPOINT ((12.638735910966089 55.64895464454242))
toilet_tmf_kk.17,103,Amagertorv ,"Amagertorv 1F, 1160 København K",Opsyn,Toilet med personale,Nej,Bygning,Ja,,9.00 - 22.30,9.00 - 22.30,9.00 - 22.30,9.00 - 22.30,9.00 - 22.30,9.00 - 22.30,9.00 - 22.30,Nej,Info om jul/nytår offentliggøres medio december hvert år.,2012-05-21T10:35:12,2018-05-14T11:00:19.615,12.579556,55.678826,MULTIPOINT ((12.579555561066043 55.67882557964826))
toilet_tmf_kk.18,229,Nørreport station,"Nørre Voldgade 15B, 1358 København K",Gade,Pissoir,Nej,Bygning,Ja,,Døgnåbent,Døgnåbent,Døgnåbent,Døgnåbent,Døgnåbent,Døgnåbent,Døgnåbent,Ja,,2016-11-15T13:52:50.189,2018-05-14T11:00:19.615,12.571291,55.683037,MULTIPOINT ((12.571291326969375 55.68303734919295))
toilet_tmf_kk.19,169,Nyhavn ,"Nyhavn 28, 1051 København K",Gade,Pissoir,Nej,Bolværk,Nej- Vinterlukket fra 1/10 til 31/3,x - lukkes når frosten kommer,Døgnåbent,Døgnåbent,Døgnåbent,Døgnåbent,Døgnåbent,Døgnåbent,Døgnåbent,Ja,Lukkes når forsten kommer,,2018-05-14T11:00:19.615,12.591002,55.679549,MULTIPOINT ((12.591002119592353 55.679548770837904))
toilet_tmf_kk.20,170,Nyhavn,"Nyhavn 47C, 1051 København K",Gade,Pissoir,Nej,Bolværk,Nej- Vinterlukket fra 1/10 til 31/3,x - lukkes når frosten kommer,Døgnåbent,Døgnåbent,Døgnåbent,Døgnåbent,Døgnåbent,Døgnåbent,Døgnåbent,Ja,Lukkes når forsten kommer,2002-11-13T00:00:00,2018-05-14T11:00:19.615,12.591223,55.679813,MULTIPOINT ((12.591223159241357 55.67981260610127))
toilet_tmf_kk.21,173,Nytorv,"Nytorv 29, 1450 København K",Gade,Pissoir,Nej,Støbejern,Nej- Vinterlukket fra 1/10 til 31/3,x - lukkes når frosten kommer,Døgnåbent,Døgnåbent,Døgnåbent,Døgnåbent,Døgnåbent,Døgnåbent,Døgnåbent,Ja,Lukkes når forsten kommer,2014-02-24T11:28:14,2018-05-14T11:00:19.615,12.572666,55.67757,MULTIPOINT ((12.572666122977507 55.67756974167434))
toilet_tmf_kk.22,178,Filipsparken,"Kastrupvej 74, 2300 København S",Park,Toilet med handicapadgang,Ja,Bygning,Nej- Vinterlukket fra 1/10 til 31/3,Ja,Ca. 9.00 - 21.00,Ca. 9.00 - 21.00,Ca. 9.00 - 21.00,Ca. 9.00 - 21.00,Ca. 9.00 - 21.00,Ca. 9.00 - 21.00,Ca. 9.00 - 21.00,Nej,Åbent fra 1. april til 30. september,2002-11-07T00:00:00,2018-05-14T11:00:19.615,12.618588,55.653986,MULTIPOINT ((12.618587899607471 55.65398641488337))
toilet_tmf_kk.23,223,Blågårds Plads,"Blågårds Plads 11, 2200 København N",Gade,Toilet med handicapadgang,Ja,Københavner,Ja,,Døgnåbent,Døgnåbent,Døgnåbent,Døgnåbent,Døgnåbent,Døgnåbent,Døgnåbent,Ja,,2016-06-08T11:05:45.939,2018-05-14T11:00:19.615,12.556468,55.686448,MULTIPOINT ((12.556468106601734 55.68644823036112))
toilet_tmf_kk.24,180,Pilesvinget,"Pilesvinget 80, 2700 Brønshøj",Park,Toilet med handicapadgang,Ja,Bygning,Ja,,Ca. 9.00 - 21.00 (19.00 om vinteren),Ca. 9.00 - 21.00 (19.00 om vinteren),Ca. 9.00 - 21.00 (19.00 om vinteren),Ca. 9.00 - 21.00 (19.00 om vinteren),Ca. 9.00 - 21.00 (19.00 om vinteren),Ca. 9.00 - 21.00 (19.00 om vinteren),Ca. 9.00 - 21.00 (19.00 om vinteren),Nej,,2002-11-11T00:00:00,2018-05-14T11:00:19.615,12.486389,55.708811,MULTIPOINT ((12.486389371267451 55.70881069857714))
toilet_tmf_kk.25,187,Nørrebroparken,"Stefansgade 24, 2200 København N",Park,Toilet med handicapadgang,Ja,Bygning,Ja,,Ca. 9.00 - 21.00 (19.00 om vinteren),Ca. 9.00 - 21.00 (19.00 om vinteren),Ca. 9.00 - 21.00 (19.00 om vinteren),Ca. 9.00 - 21.00 (19.00 om vinteren),Ca. 9.00 - 21.00 (19.00 om vinteren),Ca. 9.00 - 21.00 (19.00 om vinteren),Ca. 9.00 - 21.00 (19.00 om vinteren),Nej,,2002-11-07T00:00:00,2018-05-14T11:00:19.615,12.54288,55.694863,MULTIPOINT ((12.54287981858716 55.6948633769465))
toilet_tmf_kk.26,188,Sundbyvester Plads ,"Sundbyvester Plads 2A, 2300 København S",Gade,Toilet med handicapadgang,Ja,Danfo,Ja,,Døgnåbent,Døgnåbent,Døgnåbent,Døgnåbent,Døgnåbent,Døgnåbent,Døgnåbent,Ja,,2008-06-02T00:00:00,2018-05-14T11:00:19.615,12.613326,55.646622,MULTIPOINT ((12.61332562923731 55.646621848684404))
toilet_tmf_kk.27,192,Sønder Boulevard ,"Sønder Boulevard 60B, 1720 København V",Gade,Toilet med handicapadgang,Ja,Danfo,Ja,,Ca. 9.00 - 22.00,Ca. 9.00 - 22.00,Ca. 9.00 - 22.00,Ca. 9.00 - 22.00,Ca. 9.00 - 22.00,Ca. 9.00 - 22.00,Ca. 9.00 - 22.00,Nej,,2008-06-02T00:00:00,2018-05-14T11:00:19.615,12.551496,55.666095,MULTIPOINT ((12.551496339349157 55.66609552502657))
toilet_tmf_kk.28,195,Toftegårds plads,"Toftegårds Plads 2F, 2500 Valby",Gade,Toilet med handicapadgang,Ja,Danfo,Ja,,Døgnåbent,Døgnåbent,Døgnåbent,Døgnåbent,Døgnåbent,Døgnåbent,Døgnåbent,Ja,,2008-06-03T00:00:00,2018-05-14T11:00:19.615,12.517536,55.66184,MULTIPOINT ((12.517535703548816 55.66183993739855))
toilet_tmf_kk.29,196,Toftegårds Plads,"Toftegårds Plads 6F, 2500 Valby",Gade,Pissoir,Nej,Støbejern,Nej- Vinterlukket fra 1/10 til 31/3,x - lukkes når frosten kommer,Døgnåbent,Døgnåbent,Døgnåbent,Døgnåbent,Døgnåbent,Døgnåbent,Døgnåbent,Ja,Lukkes når forsten kommer,2001-08-17T00:00:00,2018-05-14T11:00:19.615,12.517405,55.662306,MULTIPOINT ((12.517404749579082 55.66230564295982))
toilet_tmf_kk.30,197,Trianglen,"Østerbrogade 29B 29B, 2100 København Ø",Opsyn,Toilet med personale og handicapadgang,Ja,Bygning,Ja,,9.00 - 18.30,9.00 - 18.30,9.00 - 18.30,9.00 - 18.30,9.00 - 18.30,9.00 - 18.30,9.00 - 18.30,Nej,Info om jul/nytår offentliggøres medio december hvert år.,2002-11-13T00:00:00,2018-05-14T11:00:19.615,12.577521,55.699301,MULTIPOINT ((12.577520816417756 55.6993013489334))
toilet_tmf_kk.31,10,"Langelinie, Hvidtfeldtmonumentet","Langelinie 25, 2100 København Ø",Park,Toilet med handicapadgang,Ja,Bygning,Ja (handicaptoilettet er helårsåbent),Ja,Ca. 9.00 - 21.00 (19.00 om vinteren),Ca. 9.00 - 21.00 (19.00 om vinteren),Ca. 9.00 - 21.00 (19.00 om vinteren),Ca. 9.00 - 21.00 (19.00 om vinteren),Ca. 9.00 - 21.00 (19.00 om vinteren),Ca. 9.00 - 21.00 (19.00 om vinteren),Ca. 9.00 - 21.00 (19.00 om vinteren),Nej,Handicaptoilettet er åben hele året. De andre toiletter er åbne fra 1. april til 30. september,2002-11-06T00:00:00,2018-05-14T11:00:19.615,12.599197,55.690616,MULTIPOINT ((12.59919681303647 55.6906164941624))
toilet_tmf_kk.32,11,"Ørstedsparken, tæt på leplads","Nørre Farimagsgade 2A, 1364 København K",Park,Toilet med handicapadgang,Ja,Bygning,Ja,,Ca. 9.00 - 21.00 (19.00 om vinteren),Ca. 9.00 - 21.00 (19.00 om vinteren),Ca. 9.00 - 21.00 (19.00 om vinteren),Ca. 9.00 - 21.00 (19.00 om vinteren),Ca. 9.00 - 21.00 (19.00 om vinteren),Ca. 9.00 - 21.00 (19.00 om vinteren),Ca. 9.00 - 21.00 (19.00 om vinteren),Nej,,2002-11-06T00:00:00,2018-05-14T11:00:19.615,12.56456,55.680387,MULTIPOINT ((12.564560016922062 55.680386955826165))
toilet_tmf_kk.33,12,Østre Anlæg,"Stockholmsgade 62, 2100 København Ø",Park,Toilet med handicapadgang,Ja,Bygning,Nej- Vinterlukket fra 1/10 til 31/3,Ja,Ca. 9.00 - 21.00,Ca. 9.00 - 21.00,Ca. 9.00 - 21.00,Ca. 9.00 - 21.00,Ca. 9.00 - 21.00,Ca. 9.00 - 21.00,Ca. 9.00 - 21.00,Nej,Åbent fra 1. april til 30. september,2002-11-06T00:00:00,2018-05-14T11:00:19.615,12.584244,55.692469,MULTIPOINT ((12.584243686929145 55.69246933998925))
toilet_tmf_kk.34,13,Fælledparken ved kiosk,"Per Henrik Lings Allé 5, 2100 København Ø",Park,Toilet med handicapadgang,Ja,Bygning,Nej- Vinterlukket fra 1/10 til 31/3,Ja,Ca. 9.00 - 21.00,Ca. 9.00 - 21.00,Ca. 9.00 - 21.00,Ca. 9.00 - 21.00,Ca. 9.00 - 21.00,Ca. 9.00 - 21.00,Ca. 9.00 - 21.00,Nej,Åbent fra 1. april til 30. september,2002-11-07T00:00:00,2018-05-14T11:00:19.615,12.570661,55.703188,MULTIPOINT ((12.57066134870188 55.703188304177466))
toilet_tmf_kk.35,14,"Fælledparken, Seridsslevvej syd","Serridslevvej 15, 2100 København Ø",Park,Toilet,Nej,Bygning,Nej- Vinterlukket fra 1/10 til 31/3,Ja,Ca. 9.00 - 21.00,Ca. 9.00 - 21.00,Ca. 9.00 - 21.00,Ca. 9.00 - 21.00,Ca. 9.00 - 21.00,Ca. 9.00 - 21.00,Ca. 9.00 - 21.00,Nej,Åbent fra 1. april til 30. september,2002-11-07T00:00:00,2018-05-14T11:00:19.615,12.572823,55.705954,MULTIPOINT ((12.572822798377928 55.70595409633797))
toilet_tmf_kk.36,15,"Bølgen, Kalvebod Brygge ","Kalvebod Brygge 3C, 1560 København V",Gade,Toilet med handicapadgang,Ja,Bygning,Nej- Vinterlukket fra 1/10 til 31/3,Ja,Ca. 9.00 - 21.00,Ca. 9.00 - 21.00,Ca. 9.00 - 21.00,Ca. 9.00 - 21.00,Ca. 9.00 - 21.00,Ca. 9.00 - 21.00,Ca. 9.00 - 21.00,Nej,Åbent fra 1. april til 30. september,,2018-05-14T11:00:19.615,12.57598,55.669141,MULTIPOINT ((12.575979870926915 55.669141199982825))
toilet_tmf_kk.37,16,"Fælledparken, Seridsslevvej nord ","Serridslevvej 35, 2100 København Ø",Park,Toilet med handicapadgang,Ja,Bygning,Ja,,Ca. 9.00 - 21.00 (19.00 om vinteren),Ca. 9.00 - 21.00 (19.00 om vinteren),Ca. 9.00 - 21.00 (19.00 om vinteren),Ca. 9.00 - 21.00 (19.00 om vinteren),Ca. 9.00 - 21.00 (19.00 om vinteren),Ca. 9.00 - 21.00 (19.00 om vinteren),Ca. 9.00 - 21.00 (19.00 om vinteren),Nej,,2002-11-07T00:00:00,2018-05-14T11:00:19.615,12.571253,55.706806,MULTIPOINT ((12.571252707297713 55.706805753379776))
toilet_tmf_kk.38,18,"Fælledparken,  Bikuben ","Edel Sauntes Allé 1, 2100 København Ø",Park,Toilet,Nej,Bygning,Nej- Vinterlukket fra 1/10 til 31/3,Ja,Ca. 9.00 - 21.00,Ca. 9.00 - 21.00,Ca. 9.00 - 21.00,Ca. 9.00 - 21.00,Ca. 9.00 - 21.00,Ca. 9.00 - 21.00,Ca. 9.00 - 21.00,Nej,Åbent fra 1. april til 30. september,2002-11-07T00:00:00,2018-05-14T11:00:19.615,12.562361,55.698973,MULTIPOINT ((12.562361301136582 55.69897271221136))
toilet_tmf_kk.39,19,"Fælledparken, Det røde toilet","Edel Sauntes Allé 18, 2100 København Ø",Park,Toilet med handicapadgang,Ja,Bygning,Ja (handicaptoilettet og  pissoir er helårsåbent),Ja,Ca. 9.00 - 21.00 (19.00 om vinteren),Ca. 9.00 - 21.00 (19.00 om vinteren),Ca. 9.00 - 21.00 (19.00 om vinteren),Ca. 9.00 - 21.00 (19.00 om vinteren),Ca. 9.00 - 21.00 (19.00 om vinteren),Ca. 9.00 - 21.00 (19.00 om vinteren),Ca. 9.00 - 21.00 (19.00 om vinteren),Nej,Åbent fra 1. april til 30. september,2002-11-07T00:00:00,2018-05-14T11:00:19.615,12.565388,55.700706,MULTIPOINT ((12.565387625129679 55.70070649191298))
toilet_tmf_kk.40,21,Folkets park,"Stengade 48, 2200 København N",Gade,Toilet,Nej,CPH Urban,Ja,,Døgnåbent,Døgnåbent,Døgnåbent,Døgnåbent,Døgnåbent,Døgnåbent,Døgnåbent,Ja,,2015-06-24T13:06:38,2018-05-14T11:00:19.615,12.554982,55.68727,MULTIPOINT ((12.55498197342242 55.68727040257114))
toilet_tmf_kk.41,22,"Nyboder, Gammel Vagt","Olfert fischers gade  40, 1311 København K",Gade,Toilet,Nej,Bygning,Ja,,Ca. 9.00 - 21.00 (19.00 om vinteren),Ca. 9.00 - 21.00 (19.00 om vinteren),Ca. 9.00 - 21.00 (19.00 om vinteren),Ca. 9.00 - 21.00 (19.00 om vinteren),Ca. 9.00 - 21.00 (19.00 om vinteren),Ca. 9.00 - 21.00 (19.00 om vinteren),Ca. 9.00 - 21.00 (19.00 om vinteren),Nej,,,2018-05-14T11:00:19.615,12.585553,55.687614,MULTIPOINT ((12.585553120956142 55.68761423178274))
toilet_tmf_kk.42,23,"Ørstedsparken, ved caféen","Nørre Farimagsgade  6, 1364 København K",Park,Toilet,Nej,Bygning,Nej- Vinterlukket fra 1/10 til 31/3,Ja,10.00 - Cafen lukker,10.00 - Cafen lukker,10.00 - Cafen lukker,10.00 - Cafen lukker,10.00 - Cafen lukker,10.00 - Cafen lukker,10.00 - Cafen lukker,Nej,Åbent fra 1. april til 30. september. Toilettet følger caféens åbningstider. Cafeen lukker alt afhængig af vejret,2009-03-01T06:11:02,2018-05-14T11:00:19.615,12.566183,55.682474,MULTIPOINT ((12.566183203994065 55.682473782480656))
toilet_tmf_kk.43,24,Enghaveparken," Ejderstedgade 3, 1761 København V",Park,Toilet med handicapadgang,Ja,Bygning,Nej- Vinterlukket fra 1/10 til 31/3,Ja,Ca. 9.00 - 21.00,Ca. 9.00 - 21.00,Ca. 9.00 - 21.00,Ca. 9.00 - 21.00,Ca. 9.00 - 21.00,Ca. 9.00 - 21.00,Ca. 9.00 - 21.00,Nej,Åbent fra 1. april til 30. september,2002-11-06T00:00:00,2018-05-14T11:00:19.615,12.541118,55.667806,MULTIPOINT ((12.541117720260216 55.6678058313169))
toilet_tmf_kk.44,26,"Østre Anlæg, nær legeplads","Stockholmsgade 26, 2100 København Ø",Park,Toilet,Nej,Bygning,Ja,,Ca. 9.00 - 21.00 (19.00 om vinteren),Ca. 9.00 - 21.00 (19.00 om vinteren),Ca. 9.00 - 21.00 (19.00 om vinteren),Ca. 9.00 - 21.00 (19.00 om vinteren),Ca. 9.00 - 21.00 (19.00 om vinteren),Ca. 9.00 - 21.00 (19.00 om vinteren),Ca. 9.00 - 21.00 (19.00 om vinteren),Nej,,,2018-05-14T11:00:19.615,12.579121,55.690613,MULTIPOINT ((12.579121048745945 55.69061261184831))
toilet_tmf_kk.45,25,Saxoparken ,"Matthæusgade 8, 1666 København V",Gade,Toilet med handicapadgang,Ja,Danfo,Ja,,Døgnåbent,Døgnåbent,Døgnåbent,Døgnåbent,Døgnåbent,Døgnåbent,Døgnåbent,Ja,,2002-11-06T00:00:00,2018-05-14T11:00:19.615,12.551496,55.66996,MULTIPOINT ((12.551495659138666 55.66996018794154))
toilet_tmf_kk.46,27,"Fælledparken, dansepladsen","Edel Sauntes Allé 25, 2100 København Ø",Park,Toilet med handicapadgang,Ja,Bygning,Nej- Vinterlukket fra 1/10 til 31/3,Ja,Ca. 9.00 - 21.00,Ca. 9.00 - 21.00,Ca. 9.00 - 21.00,Ca. 9.00 - 21.00,Ca. 9.00 - 21.00,Ca. 9.00 - 21.00,Ca. 9.00 - 21.00,Nej,Åbent fra 1. april til 30. september,2002-11-07T00:00:00,2018-05-14T11:00:19.615,12.565444,55.704773,MULTIPOINT ((12.565444350472468 55.704772574689855))
toilet_tmf_kk.47,28,Axeltorv ved Cirkusbygningen,"Jernbanegade 10, 1608 København V",AFA ,Toilet,Nej,AFA søjle,Ja,,Døgnåbent,Døgnåbent,Døgnåbent,Døgnåbent,Døgnåbent,Døgnåbent,Døgnåbent,Ja,Info om jul/nytår 2016. Info lægges på KK.dk medio december hvert år.,2001-08-08T00:00:00,2018-05-14T11:00:19.615,12.564604,55.675858,MULTIPOINT ((12.564603841614245 55.6758582679793))
toilet_tmf_kk.48,29,Christianshavns Torv,"Torvegade 48, 1400 København K",Gade,Toilet med handicapadgang,Ja,Danfo,Ja,,Døgnåbent,Døgnåbent,Døgnåbent,Døgnåbent,Døgnåbent,Døgnåbent,Døgnåbent,Ja,,2011-03-18T11:30:04,2018-05-14T11:00:19.615,12.5918,55.67198,MULTIPOINT ((12.59179995938619 55.67197983409066))
toilet_tmf_kk.49,30,"Christiansborg Slotsplads, Holmens Bro","Christiansborg Slotsplads 2, 1218 København K",AFA ,Toilet,Nej,AFA søjle,Ja,,Døgnåbent,Døgnåbent,Døgnåbent,Døgnåbent,Døgnåbent,Døgnåbent,Døgnåbent,Ja,,2001-07-19T00:00:00,2018-05-14T11:00:19.615,12.582154,55.676611,MULTIPOINT ((12.582153675700967 55.67661059155172))
toilet_tmf_kk.50,31,Gammel Torv,"Gammel Torv 22f, 1457 København K",AFA ,Toilet,Nej,AFA søjle,Ja,,Døgnåbent,Døgnåbent,Døgnåbent,Døgnåbent,aldrig lukket,Døgnåbent,Døgnåbent,Ja,,2012-12-14T14:46:09,2018-05-14T11:00:19.615,12.571727,55.678112,MULTIPOINT ((12.57172713408028 55.67811205274012))
toilet_tmf_kk.51,32,Grå Brødre Torv,"Kejsergade 6 6, 1155 København K",Gade,Toilet med handicapadgang,Ja,Danfo,Ja,,Døgnåbent,Døgnåbent,Døgnåbent,Døgnåbent,Døgnåbent,Døgnåbent,Døgnåbent,Ja,,2001-07-24T00:00:00,2018-05-14T11:00:19.615,12.575451,55.679984,MULTIPOINT ((12.575450815033388 55.67998365257922))
toilet_tmf_kk.52,33,Assistens Kirkegård vest,"Kapelvej 2, 2200 København N",Kirkegård,Toilet med handicapadgang,Ja,Bygning,Ja,,7.00 - 22.00 / 7.00 - 19.00,7.00 - 22.00 / 7.00 - 19.00,7.00 - 22.00 / 7.00 - 19.00,7.00 - 22.00 / 7.00 - 19.00,7.00 - 22.00 / 7.00 - 19.00,7.00 - 22.00 / 7.00 - 19.00,7.00 - 22.00 / 7.00 - 19.00,Nej,"Vinterhalvåret (oktober-marts) 07:00-19:00
 Sommerhalvåret (april-september) 07:00-22:00",2010-10-11T09:31:54,2018-05-14T11:00:19.615,12.553019,55.689449,MULTIPOINT ((12.553018667840034 55.68944897227366))
toilet_tmf_kk.53,34,"Remiseparken, Byggelegepladsen","Peder Lykkes Vej 73, 2300 København S",Bemandet legeplads,Toilet,Nej,Bygning,Ja,,Følger legepladsens åbningstider,Følger legepladsens åbningstider,Følger legepladsens åbningstider,Følger legepladsens åbningstider,Følger legepladsens åbningstider,Følger legepladsens åbningstider,Følger legepladsens åbningstider,Nej,"Sommersæson maj-okt (uge 18-42) mandag-onsdag og fredag kl. 9.30-18.00, torsdag kl. 9.30-20.00, lørdag kl. 10.00-16.00. Mellemsæson (uge 10-17 + uge 43-45) mandag-fredag kl. 9.30-17.00. Vintersæson nov-feb (uge 46-9) mandag-fredag kl. 10.00-16.30",,2018-05-14T11:00:19.615,12.597272,55.652669,MULTIPOINT ((12.59727194052799 55.65266941742882))
toilet_tmf_kk.54,35,Gunløgsgade ,"Gunløgsgade 26, 2300 København S",Gade,Toilet med handicapadgang,Ja,Bygning,Ja,,Ca. 9.00 - 21.00 (19.00 om vinteren),Ca. 9.00 - 21.00 (19.00 om vinteren),Ca. 9.00 - 21.00 (19.00 om vinteren),Ca. 9.00 - 21.00 (19.00 om vinteren),Ca. 9.00 - 21.00 (19.00 om vinteren),Ca. 9.00 - 21.00 (19.00 om vinteren),Ca. 9.00 - 21.00 (19.00 om vinteren),Nej,,,2018-05-14T11:00:19.615,12.579486,55.664694,MULTIPOINT ((12.579486102334641 55.66469380840303))
toilet_tmf_kk.55,37,Sankt Hans Torv,"Nørre Allé 2, 2200 København N",Gade,Toilet med handicapadgang,Ja,Danfo,Ja,,Døgnåbent,Døgnåbent,Døgnåbent,Døgnåbent,Døgnåbent,Døgnåbent,Døgnåbent,Ja,,2008-06-02T00:00:00,2018-05-14T11:00:19.615,12.561263,55.691369,MULTIPOINT ((12.56126256800839 55.691368928255024))
toilet_tmf_kk.56,38,Sølvtorvet,"Stockholmsgade 2, 2100 København Ø",Gade,Pissoir,Nej,Støbejern,Nej- Vinterlukket fra 1/10 til 31/3,x - lukkes når frosten kommer,Døgnåbent,Døgnåbent,Døgnåbent,Døgnåbent,Døgnåbent,Døgnåbent,Døgnåbent,Ja,Lukkes når forsten kommer,2001-07-21T00:00:00,2018-05-14T11:00:19.615,12.575475,55.689418,MULTIPOINT ((12.57547548987727 55.689417646680425))
toilet_tmf_kk.57,39,Planetariet,"Vester Søgade 2, 1601 København V",AFA ,Toilet med handicapadgang,Ja,AFA søjle,Ja,,Døgnåbent,Døgnåbent,Døgnåbent,Døgnåbent,Døgnåbent,Døgnåbent,Døgnåbent,Ja,,2013-12-09T15:12:13,2018-05-14T11:00:19.615,12.558971,55.674807,MULTIPOINT ((12.558970786657303 55.67480727542864))
toilet_tmf_kk.58,40,"Skydebanehaven, legeplads","Absalonsgade  12, 1658 København V",Bemandet legeplads,Toilet med handicapadgang,Ja,Bygning,Ja,,Ca. 9.00 - 21.00 (19.00 om vinteren),Ca. 9.00 - 21.00 (19.00 om vinteren),Ca. 9.00 - 21.00 (19.00 om vinteren),Ca. 9.00 - 21.00 (19.00 om vinteren),Ca. 9.00 - 21.00 (19.00 om vinteren),Ca. 9.00 - 21.00 (19.00 om vinteren),Ca. 9.00 - 21.00 (19.00 om vinteren),Nej,Sommersæson (maj til september) mandag-fredag kl. 9-18 og om lørdagen 10-17. I vintersæsonen (oktober-april) mandag til fredag kl. 9-17.,,2018-05-14T11:00:19.615,12.554053,55.670445,MULTIPOINT ((12.554052917554431 55.67044512404039))
toilet_tmf_kk.108,160,Melchiors Plads ,"Melchiors Plads 8, 2100 København Ø",Gade,Toilet med handicapadgang,Ja,Danfo,Ja,,Døgnåbent,Døgnåbent,Døgnåbent,Døgnåbent,Døgnåbent,Døgnåbent,Døgnåbent,Ja,,2008-06-02T00:00:00,2018-05-14T11:00:19.615,12.585572,55.70355,MULTIPOINT ((12.585572403940485 55.7035498824992))
toilet_tmf_kk.59,64,"Amager Strandpark, Strandprominaden syd","Havkajakvej 14, 2300 København S",Park (Strand),Toilet med handicapadgang,Ja,Bygning,Ja,,8.00 - 22.00 / 18.00,8.00 - 22.00 / 24.00 / 18.00,8.00 - 22.00 / 24.00 / 18.00,8.00 - 22.00 / 24.00 / 18.00,8.00 - 22.00 / 24.00 / 18.00,8.00 - 22.00 / 24.00 / 18.00,8.00 - 22.00 / 24.00 / 18.00,Nej,"Højsæson: 1. maj til 30. sep. Kl 8.00 til 22.00 alle ugen dage. Fra 1. juni til 31 august kl. 8.00 til 24.00 fredag, lørdag og søndag. Lavsæson: 1. okt til 30. april. Kl. 8.00 til 18.00 alle dage. Her er kun handicaptoilettet åbent.. Kontrakt løber til 28.2.18. Handicaptoilet er helårsåbent",2015-06-23T15:30:28,2018-05-14T11:00:19.615,12.647289,55.648422,MULTIPOINT ((12.64728885440403 55.64842240741454))
toilet_tmf_kk.60,41,"Christianshavns Vold, Elefantens bastion, legeplads","Christianshavns Voldgade 36, 1424 København K",Bemandet legeplads,Toilet med handicapadgang,Ja,Bygning,Ja,,Ca. 9.00 - 21.00 (19.00 om vinteren),Ca. 9.00 - 21.00 (19.00 om vinteren),Ca. 9.00 - 21.00 (19.00 om vinteren),Ca. 9.00 - 21.00 (19.00 om vinteren),Ca. 9.00 - 21.00 (19.00 om vinteren),Ca. 9.00 - 21.00 (19.00 om vinteren),Ca. 9.00 - 21.00 (19.00 om vinteren),Nej,"I sommersæsonen (maj-september) mandag-fredag kl. 9-18, tirsdag til kl. 20 og lørdag kl. 10-17. I vintersæsonen (november-februar) mandag -fredag 9-16. I mellemsæsonen (uge 10-17 + uge 40-43) mandag - fredag 9-17.",,2018-05-14T11:00:19.615,12.592762,55.669931,MULTIPOINT ((12.592762413299116 55.66993075485433))
toilet_tmf_kk.61,81,Brønshøj Torv,"Krabbesholmvej 2, 2700 Brønshøj",Gade,Toilet med handicapadgang,Ja,Danfo,Ja,,Døgnåbent,Døgnåbent,Døgnåbent,Døgnåbent,Døgnåbent,Døgnåbent,Døgnåbent,Ja,,2008-06-02T00:00:00,2018-05-14T11:00:19.615,12.498832,55.704191,MULTIPOINT ((12.498831631574145 55.70419107425095))
toilet_tmf_kk.62,42,"Enghaveparken, legeplads","Ejderstedgade  1, 1761 København V",Bemandet legeplads,Toilet,Nej,Bygning,Ja,,Følger legepladsens åbningstider,Følger legepladsens åbningstider,Følger legepladsens åbningstider,Følger legepladsens åbningstider,Følger legepladsens åbningstider,Følger legepladsens åbningstider,Følger legepladsens åbningstider,Nej,"Sommersæson (maj til september) mandag-fredag kl. 9-18 og søndag 10-17. I mellemsæsonen (marts, april og oktober) mandag-fredag 9-17. I vintersæsonen (november-februar) mandag - fredag 9-16.",,2018-05-14T11:00:19.615,12.541712,55.667912,MULTIPOINT ((12.541712444691454 55.667911813865196))
toilet_tmf_kk.63,43,"Ørstedsparken, legeplads","Nørre Farimagsgade  2, 1364 København K",Bemandet legeplads,Toilet med handicapadgang,Ja,Bygning,Ja,,Følger legepladsens åbningstider,Følger legepladsens åbningstider,Følger legepladsens åbningstider,Følger legepladsens åbningstider,Følger legepladsens åbningstider,Følger legepladsens åbningstider,Følger legepladsens åbningstider,Nej,Legeplads med pædagogisk personale og aktivitetshus. Åbningstider: : I sommersæsonen (maj-september) 9-17 på hverdage og lørdag 10-17. I vintersæsonen (oktober-april) åbent herdage kl. 9-16.,,2018-05-14T11:00:19.615,12.564608,55.680491,MULTIPOINT ((12.564607961508129 55.68049085448955))
toilet_tmf_kk.64,44,"Fælledparken, Trafiklegepladsen","Gunnar Nu Hansens Plads  10, 2100 København Ø",Bemandet legeplads,Toilet med handicapadgang,Ja,Bygninger,Ja,,Ca. 9.00 - 21.00 (19.00 om vinteren),Ca. 9.00 - 21.00 (19.00 om vinteren),Ca. 9.00 - 21.00 (19.00 om vinteren),Ca. 9.00 - 21.00 (19.00 om vinteren),Ca. 9.00 - 21.00 (19.00 om vinteren),Ca. 9.00 - 21.00 (19.00 om vinteren),Ca. 9.00 - 21.00 (19.00 om vinteren),Nej,sommersæsonen (marts- oktober) hverdage kl. 9-17 og hver 3. lørdag kl. 10-17. I vintersæsonen (november-februar) hverdage 9-16 og en gang om måneden åbent lørdag 10-16.,,2018-05-14T11:00:19.615,12.570897,55.704867,MULTIPOINT ((12.570897424396312 55.70486672458651))
toilet_tmf_kk.65,46,Nørreport station,"Nørre Voldgade 15B, 1358 København K",Opsyn,Toilet med personale og handicapadgang,Ja,Bygning,Ja,,08.00 - 22.00,08.00 - 22.00,08.00 - 22.00,08.00 - 22.00,08.00 - 22.00,08.00 - 22.00,08.00 - 22.00,Nej,Info om jul/nytår offentliggøres medio december hvert år.,2015-02-09T13:34:44,2018-05-14T11:00:19.615,12.571366,55.683049,MULTIPOINT ((12.571365922935339 55.68304928708252))
toilet_tmf_kk.66,48,"Valbyparken, ved restaurant","Hammelstrupvej 98, 2450 København SV",Park,Toilet med handicapadgang,Ja,Bygning,Ja,,Ca. 9.00 - 21.00 (19.00 om vinteren),Ca. 9.00 - 21.00 (19.00 om vinteren),Ca. 9.00 - 21.00 (19.00 om vinteren),Ca. 9.00 - 21.00 (19.00 om vinteren),Ca. 9.00 - 21.00 (19.00 om vinteren),Ca. 9.00 - 21.00 (19.00 om vinteren),Ca. 9.00 - 21.00 (19.00 om vinteren),Nej,,2002-11-06T00:00:00,2018-05-14T11:00:19.615,12.52025,55.641833,MULTIPOINT ((12.520249969428265 55.64183341620233))
toilet_tmf_kk.67,49,"Islands Brygge, havneparken","Islands Brygge 12, 2300 København S",Gade,Toilet med handicapadgang,Ja,Bygning,Nej- Vinterlukket fra 1/10 til 31/3,Ja,Ca. 9.00 - 21.00,Ca. 9.00 - 21.00,Ca. 9.00 - 21.00,Ca. 9.00 - 21.00,Ca. 9.00 - 21.00,Ca. 9.00 - 21.00,Ca. 9.00 - 21.00,Nej,Åbent fra 1. april til 30. september,2002-11-07T00:00:00,2018-05-14T11:00:19.615,12.578468,55.668388,MULTIPOINT ((12.578468362615146 55.66838839343021))
toilet_tmf_kk.68,50,"Lergravsparken, ved metro","Østrigsgade 67, 2300 København S",Park,Toilet med handicapadgang,Ja,Bygning,Ja,,Ca. 9.00 - 21.00 (19.00 om vinteren),Ca. 9.00 - 21.00 (19.00 om vinteren),Ca. 9.00 - 21.00 (19.00 om vinteren),Ca. 9.00 - 21.00 (19.00 om vinteren),Ca. 9.00 - 21.00 (19.00 om vinteren),Ca. 9.00 - 21.00 (19.00 om vinteren),Ca. 9.00 - 21.00 (19.00 om vinteren),Nej,,,2018-05-14T11:00:19.615,12.617156,55.661741,MULTIPOINT ((12.61715567428056 55.66174093074036))
toilet_tmf_kk.69,51,Sundbyvesterparken,"Englandsvej 59B, 2300 København S",Park,Toilet med handicapadgang,Ja,Bygning,Nej- Vinterlukket fra 1/10 til 31/3,Ja,Ca. 9.00 - 21.00,Ca. 9.00 - 21.00,Ca. 9.00 - 21.00,Ca. 9.00 - 21.00,Ca. 9.00 - 21.00,Ca. 9.00 - 21.00,Ca. 9.00 - 21.00,Nej,Åbent fra 1. april til 30. september,2002-11-07T00:00:00,2018-05-14T11:00:19.615,12.602138,55.65065,MULTIPOINT ((12.602137823429095 55.650650260462726))
toilet_tmf_kk.70,52,Vigerslevparken Syd,"Engdals alle 20, 2500 Valby",Park,Toilet med handicapadgang,Ja,Bygning,Nej- Vinterlukket fra 1/10 til 31/3,Ja,Ca. 9.00 - 21.00,Ca. 9.00 - 21.00,Ca. 9.00 - 21.00,Ca. 9.00 - 21.00,Ca. 9.00 - 21.00,Ca. 9.00 - 21.00,Ca. 9.00 - 21.00,Nej,Åbent fra 1. april til 30. september,2002-11-06T00:00:00,2018-05-14T11:00:19.615,12.478322,55.658138,MULTIPOINT ((12.478321602821147 55.6581381120663))
toilet_tmf_kk.71,53,"Valbyparken, ved Rosenhaven","Hammelstrupvej 114, 2450 København SV",Park,Toilet med handicapadgang,Ja,Bygning,Nej- Vinterlukket fra 1/10 til 31/3,Ja,Ca. 9.00 - 21.00,Ca. 9.00 - 21.00,Ca. 9.00 - 21.00,Ca. 9.00 - 21.00,Ca. 9.00 - 21.00,Ca. 9.00 - 21.00,Ca. 9.00 - 21.00,Nej,Åbent fra 1. april til 30. september,2002-11-06T00:00:00,2018-05-14T11:00:19.615,12.519723,55.640612,MULTIPOINT ((12.51972295829735 55.64061200944224))
toilet_tmf_kk.72,56,Vestre Kirkegård,"Vestre Kirkegårds Allé 15, 2450 København SV",Kirkegård,Toilet,Nej,Bygning,Ja,,7.00 - 22.00 / 7.00 - 19.00,7.00 - 22.00 / 7.00 - 19.00,7.00 - 22.00 / 7.00 - 19.00,7.00 - 22.00 / 7.00 - 19.00,7.00 - 22.00 / 7.00 - 19.00,7.00 - 22.00 / 7.00 - 19.00,7.00 - 22.00 / 7.00 - 19.00,Nej,"Vinterhalvåret (oktober-marts) 07:00-19:00
 Sommerhalvåret (april-september) 07:00-22:00",2003-08-25T00:00:00,2018-05-14T11:00:19.615,12.530759,55.66201,MULTIPOINT ((12.530759282555254 55.66201022346012))
toilet_tmf_kk.73,58,"Bredegrund, legeplads","Bredegrund 8, 2300 København S",Bemandet legeplads,Toilet,Nej,Bygning,Ja,,Følger legepladsens åbningstider,Følger legepladsens åbningstider,Følger legepladsens åbningstider,Følger legepladsens åbningstider,Følger legepladsens åbningstider,Følger legepladsens åbningstider,Følger legepladsens åbningstider,Nej,Sommersæsonen (maj-oktober) mandag-fredag kl. 9-18 og søndag kl. 10-16. I vintersæsonen (november-februar) mandag -fredag 9-16. I mellemsæsonen (uge 10-17 + uge 43-45) mandag - fredag 9-17,,2018-05-14T11:00:19.615,12.61349,55.659015,MULTIPOINT ((12.613490263267778 55.65901483150382))
toilet_tmf_kk.74,59,"Lergravsparken, legeplads","Lergravsvej  16, 2300 København S",Bemandet legeplads,Toilet,Nej,Bygning,Ja,,Følger legepladsens åbningstider,Følger legepladsens åbningstider,Følger legepladsens åbningstider,Følger legepladsens åbningstider,Følger legepladsens åbningstider,Følger legepladsens åbningstider,Følger legepladsens åbningstider,Nej,"Sommersæson (maj til september) mandag-fredag kl. 9.30-18 undtagen om onsdagen, hvor der er åbent til 20 og søndag 10-17. I mellemsæsonen (marts, april og oktober) mandag-fredag 9.30-16. I vintersæsonen (november-februar) mandag - fredag 9.30-17.",,2018-05-14T11:00:19.615,12.618609,55.662526,MULTIPOINT ((12.618608917627634 55.66252558532372))
toilet_tmf_kk.75,60,"Filipsparken (Elba), legeplads","Parmagade  45, 2300 København S",Bemandet legeplads,Toilet med handicapadgang,Ja,Bygning,Ja,,Følger legepladsens åbningstider,Følger legepladsens åbningstider,Følger legepladsens åbningstider,Følger legepladsens åbningstider,Følger legepladsens åbningstider,Følger legepladsens åbningstider,Følger legepladsens åbningstider,Nej,Sommersæson (maj til september) mandag-fredag kl. 9.30-18.00. I vintersæsonen (oktober-april) 9.30-16.30.,,2018-05-14T11:00:19.615,12.618546,55.654049,MULTIPOINT ((12.618545842856365 55.65404870741276))
toilet_tmf_kk.76,61,"Remiseparken, Bondegårdslegepladsen","Peder Lykkes Vej 71, 2300 København S",Bemandet legeplads,Toilet med handicapadgang,Ja,Bygning,Ja,,Følger legepladsens åbningstider,Følger legepladsens åbningstider,Følger legepladsens åbningstider,Følger legepladsens åbningstider,Følger legepladsens åbningstider,Følger legepladsens åbningstider,Følger legepladsens åbningstider,Nej,"Sommersæson maj-sep (uge 18-39) mandag-fredag kl. 9.30-17.00, lørdag-søndag kl. 9.30-16.00. Vintersæson okt-april (uge 40-17) mandag-fredag kl. 9.30-17.00, lørdag-søndag kl. 9.30-16.00",,2018-05-14T11:00:19.615,12.598081,55.652713,MULTIPOINT ((12.598081391278745 55.65271263463892))
toilet_tmf_kk.77,62,Brønshøj kirkegård,"Brønshøj Kirkevej  8, 2700 Brønshøj",Kirkegård,Toilet med handicapadgang,Ja,Bygning,Ja,,7.00 - 22.00 / 7.00 - 19.00,7.00 - 22.00 / 7.00 - 19.00,7.00 - 22.00 / 7.00 - 19.00,7.00 - 22.00 / 7.00 - 19.00,7.00 - 22.00 / 7.00 - 19.00,7.00 - 22.00 / 7.00 - 19.00,7.00 - 22.00 / 7.00 - 19.00,Nej,"Vinterhalvåret (oktober-marts) 07:00-19:00
 Sommerhalvåret (april-september) 07:00-22:00",2010-10-11T11:22:02,2018-05-14T11:00:19.615,12.498597,55.705752,MULTIPOINT ((12.498597446229581 55.70575216899875))
toilet_tmf_kk.78,63,Bystævnet v. Vestvolden,"Kobbelvænget 15B, 2700 Brønshøj",Park,Toilet,Nej,Bygning,Nej- Vinterlukket fra 1/10 til 31/3,Ja,Ca. 9.00 - 21.00,Ca. 9.00 - 21.00,Ca. 9.00 - 21.00,Ca. 9.00 - 21.00,Ca. 9.00 - 21.00,Ca. 9.00 - 21.00,Ca. 9.00 - 21.00,Nej,Åbent fra 1. april til 30. september,2002-11-11T00:00:00,2018-05-14T11:00:19.615,12.479076,55.716927,MULTIPOINT ((12.479076303533377 55.71692701645509))
toilet_tmf_kk.79,65,"Valbyparken, Naturlegepladsen i Valbyparken","Hammelstrupvej  41, 2450 København SV",Bemandet legeplads,Toilet,Nej,Bygning,Ja,,Følger legepladsens åbningstider,Følger legepladsens åbningstider,Følger legepladsens åbningstider,Følger legepladsens åbningstider,Følger legepladsens åbningstider,Følger legepladsens åbningstider,Følger legepladsens åbningstider,Nej,,,2018-05-14T11:00:19.615,12.519857,55.64471,MULTIPOINT ((12.519857054890997 55.64470974498491))
toilet_tmf_kk.80,77,Rødkildeparken,"Rødkildevej 15, 2400 København NV",Park,Toilet,Nej,Bygning,Nej- Vinterlukket fra 1/10 til 31/3,Ja,Ca. 9.00 - 21.00,Ca. 9.00 - 21.00,Ca. 9.00 - 21.00,Ca. 9.00 - 21.00,Ca. 9.00 - 21.00,Ca. 9.00 - 21.00,Ca. 9.00 - 21.00,Nej,Åbent fra 1. april til 30. september,2002-11-11T00:00:00,2018-05-14T11:00:19.615,12.51138,55.699655,MULTIPOINT ((12.511379735755726 55.69965502996082))
toilet_tmf_kk.81,78,Svanemølle Strandpark,"Standpromenaden  30, 2100 København Ø",Park,Toilet med handicapadgang,Ja,Bygning,Ja (handicaptoilettet er helårsåbent),Ja,Ca. 9.00 - 21.00 (19.00 om vinteren),Ca. 9.00 - 21.00 (19.00 om vinteren),Ca. 9.00 - 21.00 (19.00 om vinteren),Ca. 9.00 - 21.00 (19.00 om vinteren),Ca. 9.00 - 21.00 (19.00 om vinteren),Ca. 9.00 - 21.00 (19.00 om vinteren),Ca. 9.00 - 21.00 (19.00 om vinteren),Nej,Handicaptoilettet er åben hele året. De andre toiletter er åbne fra 1. april til 30. september,,2018-05-14T11:00:19.615,12.583029,55.719539,MULTIPOINT ((12.583028990506882 55.71953909155203))
toilet_tmf_kk.82,79,"Nørager Plads, legeplads","Nørager Plads  23, 2720 Vanløse",Bemandet legeplads,Toilet med handicapadgang,Ja,Bygning,Ja,,Følger legepladsens åbningstider,Følger legepladsens åbningstider,Følger legepladsens åbningstider,Følger legepladsens åbningstider,Følger legepladsens åbningstider,Følger legepladsens åbningstider,Følger legepladsens åbningstider,Nej,"mandag-fredag: kl. 9.30-13 og lørdage i maj, juni og september kl. 13-16.",,2018-05-14T11:00:19.615,12.475026,55.696272,MULTIPOINT ((12.47502615400401 55.69627227044636))
toilet_tmf_kk.83,80,Bispebjerg Kirkegård,"Frederiksborgvej 123, 2400 København NV",Kirkegård,Toilet med handicapadgang,Ja,Bygning,Ja,,7.00 - 22.00 / 7.00 - 19.00,7.00 - 22.00 / 7.00 - 19.00,7.00 - 22.00 / 7.00 - 19.00,7.00 - 22.00 / 7.00 - 19.00,7.00 - 22.00 / 7.00 - 19.00,7.00 - 22.00 / 7.00 - 19.00,7.00 - 22.00 / 7.00 - 19.00,Nej,"Vinterhalvåret (oktober-marts) 07:00-19:00
 Sommerhalvåret (april-september) 07:00-22:00",2003-08-25T00:00:00,2018-05-14T11:00:19.615,12.531011,55.714253,MULTIPOINT ((12.531011210729503 55.71425287070051))
toilet_tmf_kk.84,82,Husum Torv,"Husum Torv 2, 2700 Brønshøj",Gade,Toilet med handicapadgang,Ja,Danfo,Ja,,Døgnåbent,Døgnåbent,Døgnåbent,Døgnåbent,Døgnåbent,Døgnåbent,Døgnåbent,Ja,,2008-06-02T00:00:00,2018-05-14T11:00:19.615,12.471724,55.711708,MULTIPOINT ((12.471723964210186 55.711708207660756))
toilet_tmf_kk.85,83,"Hans Tavsens Park vest, legeplads","Hans Tavsens Gade  40, 2200 København N",Bemandet legeplads,Toilet,Nej,Bygning,Ja,,Følger legepladsens åbningstider,Følger legepladsens åbningstider,Følger legepladsens åbningstider,Følger legepladsens åbningstider,Følger legepladsens åbningstider,Følger legepladsens åbningstider,Følger legepladsens åbningstider,Nej,"Mandag-fredag: kl. 8.45-17 undtagen torsdag, hvor der er åbent til 19.",,2018-05-14T11:00:19.615,12.545727,55.689757,MULTIPOINT ((12.545727028678575 55.68975724459048))
toilet_tmf_kk.126,228,Overgaden oven Vandet,"Overgaden oven VAndet 64A, 1415 København K",Gade,Pissoir,Nej,Støbejern,Nej- Vinterlukket fra 1/10 til 31/3,x - lukkes når frosten kommer,Døgnåbent,Døgnåbent,Døgnåbent,Døgnåbent,Døgnåbent,Døgnåbent,Døgnåbent,Ja,Lukkes når forsten kommer,2016-10-28T11:19:17.029,2018-05-14T11:00:19.615,12.595253,55.674969,MULTIPOINT ((12.59525349782349 55.67496883364391))
toilet_tmf_kk.86,84,"Bispeengen, legeplads","Hillerødgade  23b, 2200 København N",Bemandet legeplads,Toilet,Nej,Bygning,Ja,,Følger legepladsens åbningstider,Følger legepladsens åbningstider,Følger legepladsens åbningstider,Følger legepladsens åbningstider,Følger legepladsens åbningstider,Følger legepladsens åbningstider,Følger legepladsens åbningstider,Nej,"Sommersæsonen (maj til september) hverdage 9-18 undtagen torsdag, hvor der er åbent til 20. Lørdage åbent 10-17. I juli er der åbent fra 9.30 til 17 på hverdage og lørdag 10-17. I vintersæsonen 9.30 til 17 undtagen mandag, hvor der er åbent til kl. 20.",,2018-05-14T11:00:19.615,12.536173,55.695527,MULTIPOINT ((12.536173445008787 55.69552717252409))
toilet_tmf_kk.87,85,"Husumparken, legeplads","Nordrupvej  16, 2700 Brønshøj",Bemandet legeplads,Toilet,Nej,Bygning,Ja,,Følger legepladsens åbningstider,Følger legepladsens åbningstider,Følger legepladsens åbningstider,Følger legepladsens åbningstider,Følger legepladsens åbningstider,Følger legepladsens åbningstider,Følger legepladsens åbningstider,Nej,"sommersæsonen (maj-september) hverdage kl. 9.30-18.00 og søndag kl. 10-15 (undtagen juli). I vintersæsonen (november -februar) åbent 9.30-16 i hverdage. I mellemsæsonen(marts, april og oktober) åbent hverdage kl. 9.30-17 .",,2018-05-14T11:00:19.615,12.47096,55.704234,MULTIPOINT ((12.47096044761589 55.70423400104491))
toilet_tmf_kk.88,86,"Hans Tavsens Park øst, legeplads","Hans Tavsens Gade  40, 2200 København N",Bemandet legeplads,Toilet,Nej,Bygning,Ja,,Følger legepladsens åbningstider,Følger legepladsens åbningstider,Følger legepladsens åbningstider,Følger legepladsens åbningstider,Følger legepladsens åbningstider,Følger legepladsens åbningstider,Følger legepladsens åbningstider,Nej,sommersæsonen (maj-september) mandag-fredag: kl. 9-18 og lørdag: kl. 10-17. I vintersæsonen (oktober til april) 9-16.30 i hverdagene,,2018-05-14T11:00:19.615,12.54978,55.688329,MULTIPOINT ((12.549780149466402 55.688328549645625))
toilet_tmf_kk.89,87,"Kildevældsparken, legeplads","Vognmandsmarken  69, 2100 København Ø",Bemandet legeplads,Toilet,Nej,Bygning,Ja,,Ca. 9.00 - 21.00 (19.00 om vinteren),Ca. 9.00 - 21.00 (19.00 om vinteren),Ca. 9.00 - 21.00 (19.00 om vinteren),Ca. 9.00 - 21.00 (19.00 om vinteren),Ca. 9.00 - 21.00 (19.00 om vinteren),Ca. 9.00 - 21.00 (19.00 om vinteren),Ca. 9.00 - 21.00 (19.00 om vinteren),Nej,,,2018-05-14T11:00:19.615,12.565102,55.714445,MULTIPOINT ((12.565101693469991 55.714444598116266))
toilet_tmf_kk.90,90,"Nørrebroparken, legeplads","Stefansgade 30, 2200 København N",Bemandet legeplads,Toilet,Nej,Bygning,Ja,,Følger legepladsens åbningstider,Følger legepladsens åbningstider,Følger legepladsens åbningstider,Følger legepladsens åbningstider,Følger legepladsens åbningstider,Følger legepladsens åbningstider,Følger legepladsens åbningstider,Nej,Sommersæsonen (maj-september) hverdage 9-18 og lørdag 10-17. i skolernes sommerferie er der også åbent søndag kl 10-17. I vintersæsonen (oktober-april) åbent hverdage 9-16.30.,,2018-05-14T11:00:19.615,12.541991,55.694184,MULTIPOINT ((12.541990585864959 55.69418450640242))
toilet_tmf_kk.91,91,"Wesselsgade, legeplads","Wesselsgade 12, 2200 København N",Bemandet legeplads,Toilet,Nej,Bygning,Ja,,Følger legepladsens åbningstider,Følger legepladsens åbningstider,Følger legepladsens åbningstider,Følger legepladsens åbningstider,Følger legepladsens åbningstider,Følger legepladsens åbningstider,Følger legepladsens åbningstider,Nej,Sommersæsonen (maj-september) mandag-fredag kl. 9.30-17.30 og søndag kl. 10-17. I vintersæsonen (oktober - april) åbent på hverdage fra kl. 9.30-17.,,2018-05-14T11:00:19.615,12.559995,55.685969,MULTIPOINT ((12.559994997287033 55.68596884175916))
toilet_tmf_kk.92,97,Sundbyøster Plads,"Amagerbrogade 185, 2300 København S",Gade,Toilet med handicapadgang,Ja,Danfo,Ja,,Døgnåbent,Døgnåbent,Døgnåbent,Døgnåbent,Døgnåbent,Døgnåbent,Døgnåbent,Ja,,2008-06-02T00:00:00,2018-05-14T11:00:19.615,12.612123,55.651841,MULTIPOINT ((12.61212289188172 55.65184148020616))
toilet_tmf_kk.93,113,Blågårds Plads,"Blågårds Plads 5B, 2200 København N",Gade,Pissoir,Nej,Støbejern,Nej- Vinterlukket fra 1/10 til 31/3,x - lukkes når frosten kommer,Døgnåbent,Døgnåbent,Døgnåbent,Døgnåbent,Døgnåbent,Døgnåbent,Døgnåbent,Ja,Lukkes når forsten kommer,2001-07-13T00:00:00,2018-05-14T11:00:19.615,12.557011,55.686248,MULTIPOINT ((12.557010667589434 55.686247604051644))
toilet_tmf_kk.94,114,Borgergade ,"Borgergade 1F, 1300 København K",Gade,Toilet med handicapadgang,Ja,Danfo,Ja,,Døgnåbent,Døgnåbent,Døgnåbent,Døgnåbent,Døgnåbent,Døgnåbent,Døgnåbent,Ja,,2008-06-03T00:00:00,2018-05-14T11:00:19.615,12.583712,55.682099,MULTIPOINT ((12.583711551841624 55.68209859729619))
toilet_tmf_kk.95,120,Emdrup Torv,"Emdrupvej 185, 2400 København NV",Gade,Toilet med handicapadgang,Ja,Danfo,Ja,,Døgnåbent,Døgnåbent,Døgnåbent,Døgnåbent,Døgnåbent,Døgnåbent,Døgnåbent,Ja,,2008-06-02T00:00:00,2018-05-14T11:00:19.615,12.529522,55.723012,MULTIPOINT ((12.529521970392675 55.72301173060974))
toilet_tmf_kk.96,121,Enghave plads ,"Enghave Plads 13b, 1670 København V",Gade,Toilet med handicapadgang,Ja,Danfo,Ja,,Ca. 9.00 - 22.00,Ca. 9.00 - 22.00,Ca. 9.00 - 22.00,Ca. 9.00 - 22.00,Ca. 9.00 - 22.00,Ca. 9.00 - 22.00,Ca. 9.00 - 22.00,Nej,,2010-10-04T10:37:26,2018-05-14T11:00:19.615,12.54562,55.667138,MULTIPOINT ((12.545620348486123 55.66713841083004))
toilet_tmf_kk.97,124,Engsvinget ,"Engsvinget 46, 2400 København NV",Park,Toilet med handicapadgang,Ja,Bygning,Nej- Vinterlukket fra 1/10 til 31/3,Ja,Ca. 9.00 - 21.00,Ca. 9.00 - 21.00,Ca. 9.00 - 21.00,Ca. 9.00 - 21.00,Ca. 9.00 - 21.00,Ca. 9.00 - 21.00,Ca. 9.00 - 21.00,Nej,Åbent fra 1. april til 30. september,2002-11-11T00:00:00,2018-05-14T11:00:19.615,12.514386,55.716726,MULTIPOINT ((12.514385620656677 55.716725551543824))
toilet_tmf_kk.98,126,Israels Plads,"Frederiksborggade 21, 1360 København K",Opsyn,Toilet med personale,Nej,Bygning,Ja,,10.00 - 19.00,10.00 - 19.00,10.00 - 19.00,10.00 - 19.00,10.00 - 19.00,10.00 - 20.00,10.00 - 17.00,Nej,Info om jul/nytår offentliggøres medio december hvert år.,2002-11-12T00:00:00,2018-05-14T11:00:19.615,12.569471,55.684294,MULTIPOINT ((12.56947078985676 55.684293616499765))
toilet_tmf_kk.99,132,Halmtorvet,"Halmtorvet 12A, 1700 København V",Gade,Toilet med handicapadgang,Ja,Danfo,Ja,,Ca. 9.00 - 22.00,Ca. 9.00 - 22.00,Ca. 9.00 - 22.00,Ca. 9.00 - 22.00,Ca. 9.00 - 22.00,Ca. 9.00 - 22.00,Ca. 9.00 - 22.00,Nej,,2010-10-04T10:39:43,2018-05-14T11:00:19.615,12.561251,55.670548,MULTIPOINT ((12.561251150228584 55.67054767323454))
toilet_tmf_kk.100,133,Den brune kødby,"Halmtorvet 9C, 1700 København V",Gade,Toilet,Nej,CPH Urban,Ja,,Døgnåbent,Døgnåbent,Døgnåbent,Døgnåbent,Døgnåbent,Døgnåbent,Døgnåbent,Ja,,2013-12-11T09:54:29,2018-05-14T11:00:19.615,12.561735,55.670053,MULTIPOINT ((12.561735009230418 55.670053009570836))
toilet_tmf_kk.101,135,Havnegade,"Havnegade 20, 1058 København K",Gade,Toilet med handicapadgang,Ja,Danfo,Ja,,Døgnåbent,Døgnåbent,Døgnåbent,Døgnåbent,Døgnåbent,Døgnåbent,Døgnåbent,Ja,,2008-06-02T00:00:00,2018-05-14T11:00:19.615,12.588465,55.676341,MULTIPOINT ((12.588465065842694 55.676341140845196))
toilet_tmf_kk.102,142,"Istedgade, v. Mariakirken","Istedgade 20, 1650 København V",Gade,Pissoir,Nej,Andet,Nej- Vinterlukket fra 1/10 til 31/3,x - lukkes når frosten kommer,Døgnåbent,Døgnåbent,Døgnåbent,Døgnåbent,Døgnåbent,Døgnåbent,Døgnåbent,Ja,Lukkes når forsten kommer,2011-09-23T11:34:09,2018-05-14T11:00:19.615,12.560541,55.67169,MULTIPOINT ((12.560541359123253 55.67168963872638))
toilet_tmf_kk.103,146,Kagsmosen,"Kagsvang 31, 2700 Brønshøj",Park,Toilet,Nej,Bygning,Nej- Vinterlukket fra 1/10 til 31/3,Ja,Ca. 9.00 - 21.00,Ca. 9.00 - 21.00,Ca. 9.00 - 21.00,Ca. 9.00 - 21.00,Ca. 9.00 - 21.00,Ca. 9.00 - 21.00,Ca. 9.00 - 21.00,Nej,Åbent fra 1. april til 30. september,2002-11-07T00:00:00,2018-05-14T11:00:19.615,12.458448,55.710409,MULTIPOINT ((12.458447918576654 55.71040881084766))
toilet_tmf_kk.104,147,"Sundby Kirkegård, i Kapel","Kastrupvej 53, 2300 København S",Kirkegård,Toilet med handicapadgang,Ja,Bygning,Ja,,7.00 - 22.00 / 7.00 - 19.00,7.00 - 22.00 / 7.00 - 19.00,7.00 - 22.00 / 7.00 - 19.00,7.00 - 22.00 / 7.00 - 19.00,7.00 - 22.00 / 7.00 - 19.00,7.00 - 22.00 / 7.00 - 19.00,7.00 - 22.00 / 7.00 - 19.00,Nej,"Vinterhalvåret (oktober-marts) 07:00-19:00
 Sommerhalvåret (april-september) 07:00-22:00",2003-08-25T00:00:00,2018-05-14T11:00:19.615,12.618216,55.656695,MULTIPOINT ((12.618216497416556 55.65669457413465))
toilet_tmf_kk.105,151,Korsgade 58,"Korsgade 58B, 2200 København N",Gade,Pissoir,Nej,Støbejern,Nej- Vinterlukket fra 1/10 til 31/3,x - lukkes når frosten kommer,Døgnåbent,Døgnåbent,Døgnåbent,Døgnåbent,Døgnåbent,Døgnåbent,Døgnåbent,Ja,Lukkes når forsten kommer,2001-07-13T00:00:00,2018-05-14T11:00:19.615,12.553934,55.686647,MULTIPOINT ((12.553933750286665 55.68664738910195))
toilet_tmf_kk.106,153,"Langeliniekaj, yderst på kajen","Langeliniekaj 63, 2100 København Ø",Gade,Toilet,Nej,Bygning,Nej- Vinterlukket fra 1/10 til 31/3,Ja,Ca. 9.00 - 21.00,Ca. 9.00 - 21.00,Ca. 9.00 - 21.00,Ca. 9.00 - 21.00,Ca. 9.00 - 21.00,Ca. 9.00 - 21.00,Ca. 9.00 - 21.00,Nej,Åbent fra 1. april til 30. september,2002-11-06T00:00:00,2018-05-14T11:00:19.615,12.600802,55.703656,MULTIPOINT ((12.600802447769695 55.703655815454745))
toilet_tmf_kk.107,154,Hans Knudsens Plads ,"Lyngbyvej 90, 2100 København Ø",Gade,Toilet med handicapadgang,Ja,Danfo,Ja,,Døgnåbent,Døgnåbent,Døgnåbent,Døgnåbent,Døgnåbent,Døgnåbent,Døgnåbent,Ja,,2008-06-02T00:00:00,2018-05-14T11:00:19.615,12.560245,55.712948,MULTIPOINT ((12.560244604663032 55.71294770015501))
toilet_tmf_kk.109,162,Moseskellet ,"Moseskellet 47, 2400 København NV",Park,Toilet,Nej,Bygning,Ja,,Ca. 9.00 - 21.00 (19.00 om vinteren),Ca. 9.00 - 21.00 (19.00 om vinteren),Ca. 9.00 - 21.00 (19.00 om vinteren),Ca. 9.00 - 21.00 (19.00 om vinteren),Ca. 9.00 - 21.00 (19.00 om vinteren),Ca. 9.00 - 21.00 (19.00 om vinteren),Ca. 9.00 - 21.00 (19.00 om vinteren),Nej,,2002-11-07T00:00:00,2018-05-14T11:00:19.615,12.52282,55.722022,MULTIPOINT ((12.522820207092275 55.722021889789374))
toilet_tmf_kk.110,163,Mosesvinget ,"Mosesvinget 1, 2400 København NV",Park,Toilet,Nej,Bygning,Nej- Vinterlukket fra 1/10 til 31/3,Ja,Ca. 9.00 - 21.00,Ca. 9.00 - 21.00,Ca. 9.00 - 21.00,Ca. 9.00 - 21.00,Ca. 9.00 - 21.00,Ca. 9.00 - 21.00,Ca. 9.00 - 21.00,Nej,Åbent fra 1. april til 30. september,2002-11-07T00:00:00,2018-05-14T11:00:19.615,12.50484,55.712979,MULTIPOINT ((12.504839978094118 55.71297865155547))
toilet_tmf_kk.111,164,Mozarts Plads ,"Mozarts Plads 1A, 2450 København SV",Gade,Toilet med handicapadgang,Ja,Danfo,Ja,,Døgnåbent,Døgnåbent,Døgnåbent,Døgnåbent,Døgnåbent,Døgnåbent,Døgnåbent,Ja,,2013-07-10T13:18:41,2018-05-14T11:00:19.615,12.534678,55.64871,MULTIPOINT ((12.534677896169455 55.64870994859294))
toilet_tmf_kk.112,166,Nikolaj Plads ,"Nikolaj Plads 10b, 1067 København K",Gade,Pissoir,Nej,Støbejern,Nej- Vinterlukket fra 1/10 til 31/3,x - lukkes når frosten kommer,Døgnåbent,Døgnåbent,Døgnåbent,Døgnåbent,Døgnåbent,Døgnåbent,Døgnåbent,Ja,Lukkes når forsten kommer,2001-08-10T00:00:00,2018-05-14T11:00:19.615,12.581856,55.679004,MULTIPOINT ((12.581856383101117 55.679004125267966))
toilet_tmf_kk.113,200,Valby tingsted,"Valby tingsted 1B, 2500 Valby",Gade,Toilet med handicapadgang,Ja,Danfo,Ja,,Døgnåbent,Døgnåbent,Døgnåbent,Døgnåbent,Døgnåbent,Døgnåbent,Døgnåbent,Ja,,2008-06-02T00:00:00,2018-05-14T11:00:19.615,12.514116,55.666027,MULTIPOINT ((12.514116365176406 55.66602712380651))
toilet_tmf_kk.114,203,Ved Stranden ,"Ved Stranden 18A, 1061 København K",Gade,Toilet med handicapadgang,Ja,Københavner,Ja,,Døgnåbent,Døgnåbent,Døgnåbent,Døgnåbent,Døgnåbent,Døgnåbent,Døgnåbent,Ja,,2013-12-17T13:04:58,2018-05-14T11:00:19.615,12.580907,55.677576,MULTIPOINT ((12.580906970308178 55.67757624015171))
toilet_tmf_kk.115,205,Vesterbro Torv,"Vesterbrogade 47, 1620 København V",Opsyn,Toilet med personale,Nej,Bygning,Ja,,10.00 -  17:30,10.00 -  17:30,10.00 -  17:30,10.00 -  17:30,10.00 -  17:30,lukket,lukket,Nej,Info om jul/nytår offentliggøres medio december hvert år.,2002-11-13T00:00:00,2018-05-14T11:00:19.615,12.555008,55.672196,MULTIPOINT ((12.555007583656028 55.67219586541539))
toilet_tmf_kk.116,208,Vigerslevvej,"Vigerslevvej 346, 2500 Valby",Park,Toilet,Nej,Bygning,Nej- Vinterlukket fra 1/10 til 31/3,Ja,Ca. 9.00 - 21.00,Ca. 9.00 - 21.00,Ca. 9.00 - 21.00,Ca. 9.00 - 21.00,Ca. 9.00 - 21.00,Ca. 9.00 - 21.00,Ca. 9.00 - 21.00,Nej,Åbent fra 1. april til 30. september,2002-11-07T00:00:00,2018-05-14T11:00:19.615,12.495525,55.646133,MULTIPOINT ((12.495524968882167 55.64613327637771))
toilet_tmf_kk.117,7,"Christianshavns Vold, Elefantens bastion","Christianshavns Voldgade 36, 1424 København K",Park,Toilet med handicapadgang,Ja,Bygning,Ja,,Ca. 9.00 - 21.00 (19.00 om vinteren),Ca. 9.00 - 21.00 (19.00 om vinteren),Ca. 9.00 - 21.00 (19.00 om vinteren),Ca. 9.00 - 21.00 (19.00 om vinteren),Ca. 9.00 - 21.00 (19.00 om vinteren),Ca. 9.00 - 21.00 (19.00 om vinteren),Ca. 9.00 - 21.00 (19.00 om vinteren),Nej,,2006-03-14T00:00:00,2018-05-14T11:00:19.615,12.592711,55.669983,MULTIPOINT ((12.59271062181797 55.66998348006801))
toilet_tmf_kk.118,209,Bella Center Station,"Ørestads Boulevard 39, 2300 København S",AFA ,Toilet,Nej,AFA søjle,Ja,,Døgnåbent,Døgnåbent,Døgnåbent,Døgnåbent,Døgnåbent,Døgnåbent,Døgnåbent,Ja,Info om jul/nytår 2016. Info lægges på KK.dk medio december hvert år.,2013-04-11T13:38:31,2018-05-14T11:00:19.615,12.583093,55.638528,MULTIPOINT ((12.583093389194621 55.63852812849683))
toilet_tmf_kk.119,210,Ørestadsparken,"Ørestads Boulevard 66, 2300 København S",Gade,Toilet med handicapadgang,Ja,Danfo,Ja,,Døgnåbent,Døgnåbent,Døgnåbent,Døgnåbent,Døgnåbent,Døgnåbent,Døgnåbent,Ja,,2010-10-04T10:45:34,2018-05-14T11:00:19.615,12.579976,55.633289,MULTIPOINT ((12.579975875558985 55.63328856325167))
toilet_tmf_kk.120,212,"Fælledparken, Sansehaven","Øster Allé  1E, 2100 København Ø",Park,Toilet med handicapadgang,Ja,Bygning,Nej- Vinterlukket fra 1/10 til 31/3,Ja,Ca. 9.00 - 21.00,Ca. 9.00 - 21.00,Ca. 9.00 - 21.00,Ca. 9.00 - 21.00,Ca. 9.00 - 21.00,Ca. 9.00 - 21.00,Ca. 9.00 - 21.00,Nej,Åbent fra 1. april til 30. september,2002-11-07T00:00:00,2018-05-14T11:00:19.615,12.573372,55.69995,MULTIPOINT ((12.573372072521385 55.69995013241711))
toilet_tmf_kk.121,214,Elna Munchs Plads ,"Elna Munchs Plads  2, 2720 Vanløse",Gade,Toilet med handicapadgang,Ja,Danfo,Ja,,Døgnåbent,Døgnåbent,Døgnåbent,Døgnåbent,Døgnåbent,Døgnåbent,Døgnåbent,Ja,,2008-06-02T00:00:00,2018-05-14T11:00:19.615,12.480697,55.691461,MULTIPOINT ((12.480696816671177 55.6914609959221))
toilet_tmf_kk.122,215,Ålholm Plads,"Ålholm Plads 2, 2500 Valby",AFA ,Toilet,Nej,AFA søjle,Ja,,Døgnåbent,Døgnåbent,Døgnåbent,Døgnåbent,Døgnåbent,Døgnåbent,Døgnåbent,Ja,,2001-08-13T00:00:00,2018-05-14T11:00:19.615,12.48911,55.672384,MULTIPOINT ((12.489110410546628 55.6723840991313))
toilet_tmf_kk.123,221,Kultorvet ,"Kultorvet 9B, 1175 København K",Gade,Toilet med handicapadgang,Ja,Danfo,Ja,,Døgnåbent,Døgnåbent,Døgnåbent,Døgnåbent,Døgnåbent,Døgnåbent,Døgnåbent,Ja,,2016-05-13T12:36:27.596,2018-05-14T11:00:19.615,12.574019,55.682303,MULTIPOINT ((12.574018982480839 55.68230318094181))
toilet_tmf_kk.124,224,"Sporsløjfen, v. Svanemølle st.","Østerbrogade 244, 2100 København Ø",Gade,Toilet med handicapadgang,Ja,Københavner,Ja,,Døgnåbent,Døgnåbent,Døgnåbent,Døgnåbent,Døgnåbent,Døgnåbent,Døgnåbent,Ja,,2016-06-08T11:05:45.939,2018-05-14T11:00:19.615,12.577939,55.714884,MULTIPOINT ((12.577938568760201 55.71488436067521))
toilet_tmf_kk.125,226,Islands Brygge,"Islands Brygge 20A , 2300 København S",Gade,Toilet med handicapadgang,Ja,Københavner,Ja,,Døgnåbent,Døgnåbent,Døgnåbent,Døgnåbent,Døgnåbent,Døgnåbent,Døgnåbent,Ja,,2016-06-08T11:13:51.352,2018-05-14T11:00:19.615,12.573933,55.665352,MULTIPOINT ((12.573933162362598 55.66535194161415))
toilet_tmf_kk.127,230,"Gunløgsgade, legeplads","Gunløgsgade  26, 2300 København S",Bemandet legeplads,Toilet,Nej,Bygning,Ja,,Ca. 9.00 - 21.00 (19.00 om vinteren),Ca. 9.00 - 21.00 (19.00 om vinteren),Ca. 9.00 - 21.00 (19.00 om vinteren),Ca. 9.00 - 21.00 (19.00 om vinteren),Ca. 9.00 - 21.00 (19.00 om vinteren),Ca. 9.00 - 21.00 (19.00 om vinteren),Ca. 9.00 - 21.00 (19.00 om vinteren),Nej,,2016-11-15T13:52:50.188,2018-05-14T11:00:19.615,12.579507,55.664607,MULTIPOINT ((12.579507250452659 55.664606843027514))
toilet_tmf_kk.128,231,"Mimersparken, legeplads","Borgmestervangen  51, 2200 København N",Bemandet legeplads,Toilet,Nej,Bygning,Ja,,Følger legepladsens åbningstider,Følger legepladsens åbningstider,Følger legepladsens åbningstider,Følger legepladsens åbningstider,Følger legepladsens åbningstider,Følger legepladsens åbningstider,Følger legepladsens åbningstider,Nej,Sommersæsonen (maj-september) mandag-fredag 9-18 og weekend 11-17. I vintersæsonen 9-17 på hverdage og lørdag 11-16.,2016-11-15T13:52:50.188,2018-05-14T11:00:19.615,12.541201,55.704799,MULTIPOINT ((12.541200908882407 55.704798533821155))
toilet_tmf_kk.129,232,"Kornblomstparken, legeplads","Øselsgade 5, 2300 København S",Bemandet legeplads,Toilet med handicapadgang,Ja,Bygning,Ja,,Følger legepladsens åbningstider,Følger legepladsens åbningstider,Følger legepladsens åbningstider,Følger legepladsens åbningstider,Følger legepladsens åbningstider,Følger legepladsens åbningstider,Følger legepladsens åbningstider,Nej,Mandag-onsdag kl. 9.30-18. Torsdag 12-20. Fredag 12 -18 og lørdag fra kl 10-17.,2016-11-15T13:52:50.188,2018-05-14T11:00:19.615,12.600624,55.661005,MULTIPOINT ((12.600623511975614 55.66100476884178))
toilet_tmf_kk.130,66,"Amager Strandpark, Strandpromenaden nord","Amager Strand Promenaden 255, 2300 København S",Park (Strand),Toilet med handicapadgang,Ja,Bygning,Ja,,8.00 - 22.00 / 18.00,8.00 - 22.00 / 24.00 / 18.00,8.00 - 22.00 / 24.00 / 18.00,8.00 - 22.00 / 24.00 / 18.00,8.00 - 22.00 / 24.00 / 18.00,8.00 - 22.00 / 24.00 / 18.00,8.00 - 22.00 / 24.00 / 18.00,Nej,"Højsæson: 1. maj til 30. sep. Kl 8.00 til 22.00 alle ugen dage. Fra 1. juni til 31 august kl. 8.00 til 24.00 fredag, lørdag og søndag. Lavsæson: 1. okt til 30. april. Kl. 8.00 til 18.00 alle dage. Her er kun handicaptoilettet åbent.. Kontrakt løber til 28.2.18. Handicaptoilet er helårsåbent",,2018-05-14T11:00:19.615,12.64934,55.65453,MULTIPOINT ((12.649340219856079 55.65452966793064))
toilet_tmf_kk.131,9,"Langelinie, østlige ende af bro","Langelinie 1, 2100 København Ø",Park,Toilet med handicapadgang,Ja,Bygning,Nej- Vinterlukket fra 1/10 til 31/3,Ja,Ca. 9.00 - 21.00,Ca. 9.00 - 21.00,Ca. 9.00 - 21.00,Ca. 9.00 - 21.00,Ca. 9.00 - 21.00,Ca. 9.00 - 21.00,Ca. 9.00 - 21.00,Nej,Åbent fra 1. april til 30. september,2002-11-06T00:00:00,2018-05-14T11:00:19.615,12.59472,55.694577,MULTIPOINT ((12.594719722611963 55.69457712055326))
toilet_tmf_kk.132,234,"Blegdamsremisen, legeplads","Blegdamsvej  132a, 2100 København Ø",Bemandet legeplads,Toilet,Nej,Bygning,Ja,,Følger legepladsens åbningstider,Følger legepladsens åbningstider,Følger legepladsens åbningstider,Følger legepladsens åbningstider,Følger legepladsens åbningstider,Følger legepladsens åbningstider,Følger legepladsens åbningstider,Nej,"Sommersæson maj-sep (uge 18-39) mandag-fredag kl. 9.00-16.30. Vintersæson oktober-april (uge 40-17) mandag-fredag kl. 9.00-17.00, lørdag-søndag kl. 10.00-16.00.",2017-11-20T13:17:12.59,2018-05-14T11:00:19.615,12.576545,55.698552,MULTIPOINT ((12.576545213825087 55.69855191289662))
toilet_tmf_kk.133,235,"Byoasen, legeplads","Møllegade  25c, 2200 København N",Bemandet legeplads,Toilet med handicapadgang,Ja,Bygning,Ja,,Følger legepladsens åbningstider,Følger legepladsens åbningstider,Følger legepladsens åbningstider,Følger legepladsens åbningstider,Følger legepladsens åbningstider,Følger legepladsens åbningstider,Følger legepladsens åbningstider,Nej,Sommersæsonen (maj-oktober) mandag-fredag kl. 9.30-18 og søndag kl. 10-16. I vintersæsonen (november-februar) mandag -fredag 9.30-16 og 10-13 i weekenden. I mellemsæsonen (uge 10-17 + uge 40-43) mandag - fredag 9.30-16.30 og weekend 10-13.,2017-11-20T13:23:39.238,2018-05-14T11:00:19.615,12.557286,55.692105,MULTIPOINT ((12.557285627202008 55.69210457988345))
toilet_tmf_kk.134,236,"Hulgårds Plads, legeplads","Hulgårds Plads  6, 2400 København NV",Bemandet legeplads,Toilet,Nej,Bygning,Ja,,Følger legepladsens åbningstider,Følger legepladsens åbningstider,Følger legepladsens åbningstider,Følger legepladsens åbningstider,Følger legepladsens åbningstider,Følger legepladsens åbningstider,Følger legepladsens åbningstider,Nej,"Sommersæsonen mandag-fredag kl. 9-18 og søndag kl. 10-17. I vintersæsonen (november-februar) mandag-fredag 9-16.30 og mellemsæsonen (marts, april og oktober) mandag til fredag 9-17.",2017-11-20T13:31:05.764,2018-05-14T11:00:19.615,12.521864,55.704786,MULTIPOINT ((12.521863866045702 55.70478572433034))
toilet_tmf_kk.135,237,"Degnestavnen, ved legeplads","Degnestavnen 20, 2400 København NV",Park,Toilet,Nej,Bygning,Ja,,Følger legepladsens åbningstider,Følger legepladsens åbningstider,Følger legepladsens åbningstider,Følger legepladsens åbningstider,Følger legepladsens åbningstider,Følger legepladsens åbningstider,Følger legepladsens åbningstider,Nej,,2017-11-20T13:36:50.513,2018-05-14T11:00:19.615,12.52495,55.710617,MULTIPOINT ((12.524949877294004 55.71061659080066))
toilet_tmf_kk.136,238,Soppesøen,"Edel Sauntes Allé 9, 2100 København Ø",Park,Toilet,Nej,Bygning,Nej- Vinterlukket fra 1/10 til 31/3,Ja,Ca. 9.00 - 21.00,Ca. 9.00 - 21.00,Ca. 9.00 - 21.00,Ca. 9.00 - 21.00,Ca. 9.00 - 21.00,Ca. 9.00 - 21.00,Ca. 9.00 - 21.00,Nej,Kun åbent når der er vand i soppesøen,2017-11-20T13:40:15.517,2018-05-14T11:00:19.615,12.56414,55.700375,MULTIPOINT ((12.564139723229962 55.70037503015051))
toilet_tmf_kk.137,239,"Tårnlegepladsen, Fælledparken","Frederik V's Vej  4, 2100 København Ø",Bemandet legeplads,Toilet med handicapadgang,Ja,Bygning,Ja,,Ca. 9.00 - 21.00 (19.00 om vinteren),Ca. 9.00 - 21.00 (19.00 om vinteren),Ca. 9.00 - 21.00 (19.00 om vinteren),Ca. 9.00 - 21.00 (19.00 om vinteren),Ca. 9.00 - 21.00 (19.00 om vinteren),Ca. 9.00 - 21.00 (19.00 om vinteren),Ca. 9.00 - 21.00 (19.00 om vinteren),Nej,Toilettet er forbeholdt legepladsens gæster,2017-11-20T13:44:25.113,2018-05-14T11:00:19.615,12.569975,55.697267,MULTIPOINT ((12.569974518648278 55.69726747591026))
toilet_tmf_kk.138,198,Utterslev Torv ,"Utterslev Torv 9, 2400 København NV",Gade,Pissoir,Nej,Cement,Nej- Vinterlukket fra 1/10 til 31/3,x - lukkes når frosten kommer,Døgnåbent,Døgnåbent,Døgnåbent,Døgnåbent,Døgnåbent,Døgnåbent,Døgnåbent,Ja,Lukkes når forsten kommer,2002-11-13T00:00:00,2018-05-14T11:00:19.615,12.516928,55.710055,MULTIPOINT ((12.516927725050778 55.71005464213073))
toilet_tmf_kk.139,67,"Amager Strandpark, Øresundsstien ","Øresundsstien 5, 2300 København S",Park (Strand),Toilet med handicapadgang,Ja,Bygning,Ja,,8.00 - 22.00 / 18.00,8.00 - 22.00 / 24.00 / 18.00,8.00 - 22.00 / 24.00 / 18.00,8.00 - 22.00 / 24.00 / 18.00,8.00 - 22.00 / 24.00 / 18.00,8.00 - 22.00 / 24.00 / 18.00,8.00 - 22.00 / 24.00 / 18.00,Nej,"Højsæson: 1. maj til 30. sep. Kl 8.00 til 22.00 alle ugen dage. Fra 1. juni til 31 august kl. 8.00 til 24.00 fredag, lørdag og søndag. Lavsæson: 1. okt til 30. april. Kl. 8.00 til 18.00 alle dage. Her er kun handicaptoilettet åbent.. Kontrakt løber til 28.2.18. Handicaptoilet er helårsåbent",,2018-05-14T11:00:19.615,12.638636,55.663012,MULTIPOINT ((12.638635646521882 55.66301241314361))
toilet_tmf_kk.140,68,"Amager Strandpark, Kilometerbroen","Kilometerbroen  3, 2300 København S",Park (Strand),Toilet med handicapadgang,Ja,Bygning,Ja,,8.00 - 22.00 / 18.00,8.00 - 22.00 / 24.00 / 18.00,8.00 - 22.00 / 24.00 / 18.00,8.00 - 22.00 / 24.00 / 18.00,8.00 - 22.00 / 24.00 / 18.00,8.00 - 22.00 / 24.00 / 18.00,8.00 - 22.00 / 24.00 / 18.00,Nej,"Højsæson: 1. maj til 30. sep. Kl 8.00 til 22.00 alle ugen dage. Fra 1. juni til 31 august kl. 8.00 til 24.00 fredag, lørdag og søndag. Lavsæson: 1. okt til 30. april. Kl. 8.00 til 18.00 alle dage. Her er kun handicaptoilettet åbent.. Kontrakt løber til 28.2.18. Handicaptoilet er helårsåbent",,2018-05-14T11:00:19.615,12.642967,55.658322,MULTIPOINT ((12.642966911534511 55.658322424454326))
toilet_tmf_kk.141,69,"Amager Strandvej, Femøren","Amager Strandvej 275, 2300 København S",Park (Strand),Toilet,Nej,Bygning,Ja,,8.00 - 22.00 / 18.00,8.00 - 22.00 / 24.00 / 18.00,8.00 - 22.00 / 24.00 / 18.00,8.00 - 22.00 / 24.00 / 18.00,8.00 - 22.00 / 24.00 / 18.00,8.00 - 22.00 / 24.00 / 18.00,8.00 - 22.00 / 24.00 / 18.00,Nej,"Højsæson: 1. maj til 30. sep. Kl 8.00 til 22.00 alle ugen dage. Fra 1. juni til 31 august kl. 8.00 til 24.00 fredag, lørdag og søndag. Lavsæson: 1. okt til 30. april. Kl. 8.00 til 18.00 alle dage. Her er kun handicaptoilettet åbent.. Kontrakt løber til 28.2.18. Handicaptoilet er helårsåbent",2002-11-07T00:00:00,2018-05-14T11:00:19.615,12.64402,55.646201,MULTIPOINT ((12.644019964822611 55.64620055137128))
toilet_tmf_kk.142,119,Vor frue plads,"Dyrkøb 2, 1166 København K",AFA ,Toilet,Nej,AFA søjle,Ja,,Døgnåbent,Døgnåbent,Døgnåbent,Døgnåbent,Døgnåbent,Døgnåbent,Døgnåbent,Ja,,2002-11-06T00:00:00,2018-05-14T11:00:19.615,12.573532,55.679306,MULTIPOINT ((12.57353193465131 55.6793063396043))
